Date,Price,Open,High,Low,Vol.,Change %
5/31/2024,"44,000.00","43,200.00","44,400.00","43,200.00",2.65M,0.69%
5/30/2024,"43,700.00","43,350.00","44,050.00","42,950.00",1.73M,-1.58%
5/29/2024,"44,400.00","43,900.00","44,600.00","43,500.00",2.84M,1.60%
5/28/2024,"43,701.00","43,404.00","44,047.00","43,108.00",2.20M,-0.45%
5/27/2024,"43,900.00","43,900.00","44,200.00","43,000.00",1.56M,0.00%
5/24/2024,"43,900.00","45,250.00","45,850.00","42,700.00",4.66M,-4.36%
5/23/2024,"45,900.00","44,900.00","45,900.00","44,100.00",3.22M,1.77%
5/22/2024,"45,100.00","44,100.00","45,250.00","44,100.00",4.38M,2.27%
5/21/2024,"44,100.00","43,550.00","44,350.00","43,450.00",2.91M,1.03%
5/20/2024,"43,650.00","44,350.00","44,350.00","43,650.00",2.94M,-0.80%
5/17/2024,"44,000.00","43,600.00","44,000.00","43,050.00",3.15M,0.00%
5/16/2024,"44,000.00","42,450.00","44,000.00","42,450.00",4.60M,3.77%
5/15/2024,"42,400.00","41,700.00","42,500.00","41,200.00",2.82M,1.68%
5/14/2024,"41,700.00","41,500.00","41,750.00","41,100.00",1.78M,0.36%
5/13/2024,"41,550.00","42,000.00","42,000.00","41,300.00",1.56M,0.48%
5/10/2024,"41,350.00","40,650.00","42,000.00","40,450.00",3.63M,1.35%
5/9/2024,"40,800.00","41,050.00","41,400.00","40,350.00",2.20M,-0.49%
5/8/2024,"41,000.00","40,500.00","41,000.00","39,900.00",2.52M,-0.49%
5/7/2024,"41,200.00","40,800.00","41,400.00","40,650.00",2.25M,1.48%
5/6/2024,"40,600.00","40,200.00","41,000.00","40,200.00",2.17M,-0.49%
5/3/2024,"40,800.00","39,250.00","40,800.00","38,800.00",4.88M,3.95%
5/2/2024,"39,250.00","37,850.00","39,250.00","36,850.00",2.94M,3.56%
4/26/2024,"37,900.00","37,550.00","38,200.00","37,350.00",2.93M,0.00%
4/25/2024,"37,900.00","38,500.00","38,500.00","37,350.00",2.73M,-1.56%
4/24/2024,"38,500.00","36,900.00","38,500.00","36,500.00",3.02M,6.94%
4/23/2024,"36,000.00","37,000.00","37,200.00","36,000.00",3.28M,-2.96%
4/22/2024,"37,100.00","36,600.00","37,200.00","36,300.00",3.08M,3.06%
4/19/2024,"36,000.00","37,000.00","37,450.00","35,750.00",4.70M,-5.26%
4/17/2024,"38,000.00","39,400.00","39,400.00","38,000.00",2.79M,-3.31%
4/16/2024,"39,300.00","39,800.00","39,800.00","37,900.00",4.05M,-1.26%
4/15/2024,"39,800.00","42,350.00","42,850.00","39,800.00",4.56M,-6.90%
4/12/2024,"42,750.00","42,850.00","42,850.00","42,100.00",2.14M,1.06%
4/11/2024,"42,300.00","42,100.00","42,750.00","42,050.00",1.81M,-0.47%
4/10/2024,"42,500.00","43,500.00","43,550.00","42,500.00",1.49M,-1.51%
4/9/2024,"43,150.00","43,250.00","43,450.00","42,050.00",3.56M,0.00%
4/8/2024,"43,150.00","43,600.00","44,250.00","43,000.00",2.45M,-1.26%
4/5/2024,"43,700.00","44,100.00","45,400.00","43,700.00",4.36M,-1.91%
4/4/2024,"44,550.00","44,500.00","45,850.00","43,950.00",4.32M,-0.34%
4/3/2024,"44,700.00","44,450.00","46,150.00","44,300.00",6.29M,0.56%
4/2/2024,"44,450.00","43,750.00","44,450.00","43,250.00",3.33M,1.48%
4/1/2024,"43,800.00","43,450.00","44,250.00","43,200.00",4.08M,1.04%
3/29/2024,"43,350.00","43,800.00","43,950.00","43,300.00",2.30M,-1.03%
3/28/2024,"43,800.00","44,700.00","44,700.00","43,450.00",2.82M,-0.90%
3/27/2024,"44,200.00","44,700.00","44,700.00","43,700.00",2.98M,-0.23%
3/26/2024,"44,300.00","43,500.00","44,750.00","43,000.00",3.71M,1.49%
3/25/2024,"43,650.00","43,450.00","44,450.00","43,250.00",4.38M,0.46%
3/22/2024,"43,450.00","43,400.00","43,950.00","42,900.00",4.16M,0.35%
3/21/2024,"43,300.00","43,300.00","44,000.00","42,600.00",3.43M,1.17%
3/20/2024,"42,800.00","42,400.00","42,800.00","41,650.00",3.24M,1.90%
3/19/2024,"42,000.00","42,900.00","43,200.00","42,000.00",3.57M,-1.87%
3/18/2024,"42,800.00","44,400.00","45,150.00","40,800.00",9.00M,-2.39%
3/15/2024,"43,850.00","44,500.00","44,900.00","41,550.00",5.21M,-1.68%
3/14/2024,"44,600.00","44,600.00","44,650.00","43,500.00",4.18M,0.22%
3/13/2024,"44,500.00","42,900.00","44,750.00","42,600.00",6.06M,4.71%
3/12/2024,"42,500.00","41,900.00","42,850.00","41,600.00",5.98M,1.43%
3/11/2024,"41,900.00","41,900.00","43,100.00","41,400.00",4.20M,0.00%
3/8/2024,"41,900.00","43,300.00","43,300.00","41,800.00",6.65M,-2.33%
3/7/2024,"42,900.00","42,650.00","43,450.00","42,400.00",5.09M,-0.23%
3/6/2024,"43,000.00","42,400.00","43,900.00","41,700.00",5.96M,1.30%
3/5/2024,"42,450.00","42,750.00","43,450.00","42,300.00",5.50M,-0.47%
3/4/2024,"42,650.00","40,800.00","42,650.00","40,750.00",13.28M,6.89%
3/1/2024,"39,900.00","39,800.00","39,950.00","39,300.00",3.46M,0.76%
2/29/2024,"39,600.00","38,500.00","39,700.00","38,150.00",8.04M,3.66%
2/28/2024,"38,200.00","38,700.00","38,750.00","38,000.00",1.74M,-0.78%
2/27/2024,"38,500.00","37,500.00","38,700.00","37,500.00",2.35M,2.94%
2/26/2024,"37,400.00","37,650.00","37,750.00","37,100.00",2.49M,-0.80%
2/23/2024,"37,700.00","39,100.00","39,100.00","37,500.00",4.64M,-3.33%
2/22/2024,"39,000.00","38,900.00","39,250.00","38,900.00",1.39M,0.00%
2/21/2024,"39,000.00","38,800.00","39,700.00","38,700.00",2.31M,0.13%
2/20/2024,"38,950.00","38,900.00","39,300.00","38,750.00",1.91M,0.52%
2/19/2024,"38,750.00","39,500.00","39,500.00","38,700.00",4.68M,-1.40%
2/16/2024,"39,300.00","39,350.00","40,200.00","39,300.00",3.02M,-0.13%
2/15/2024,"39,350.00","39,800.00","39,900.00","39,250.00",2.56M,-1.13%
2/7/2024,"39,800.00","40,100.00","40,100.00","39,250.00",3.30M,-0.13%
2/6/2024,"39,850.00","39,600.00","40,300.00","39,500.00",3.05M,0.89%
2/5/2024,"39,500.00","39,500.00","39,800.00","38,850.00",2.67M,0.00%
2/2/2024,"39,500.00","39,050.00","41,000.00","39,050.00",6.37M,1.15%
2/1/2024,"39,050.00","38,500.00","39,150.00","38,350.00",1.70M,1.43%
1/31/2024,"38,500.00","39,250.00","39,300.00","38,450.00",2.74M,-1.53%
1/30/2024,"39,100.00","38,800.00","39,300.00","38,650.00",2.26M,0.39%
1/29/2024,"38,950.00","39,700.00","39,700.00","38,900.00",1.95M,-1.52%
1/26/2024,"39,550.00","38,500.00","39,550.00","38,450.00",5.29M,2.86%
1/25/2024,"38,450.00","38,450.00","38,450.00","38,150.00",1.13M,0.52%
1/24/2024,"38,250.00","38,900.00","38,950.00","38,250.00",2.70M,-1.54%
1/23/2024,"38,850.00","39,300.00","39,450.00","38,700.00",1.77M,-1.15%
1/22/2024,"39,300.00","39,050.00","39,400.00","38,450.00",3.41M,0.77%
1/19/2024,"39,000.00","39,200.00","39,500.00","38,750.00",3.36M,-0.38%
1/18/2024,"39,150.00","37,450.00","39,500.00","37,450.00",8.48M,5.24%
1/17/2024,"37,200.00","37,000.00","37,550.00","36,750.00",2.19M,0.54%
1/16/2024,"37,000.00","35,850.00","37,000.00","35,800.00",1.25M,2.78%
1/15/2024,"36,000.00","36,700.00","36,950.00","36,000.00",1.39M,-1.10%
1/12/2024,"36,400.00","36,500.00","36,950.00","36,000.00",2.52M,-1.22%
1/11/2024,"36,850.00","37,300.00","37,500.00","36,800.00",1.79M,-0.67%
1/10/2024,"37,100.00","37,600.00","38,000.00","37,000.00",2.35M,-1.33%
1/9/2024,"37,600.00","38,200.00","38,500.00","37,550.00",1.75M,-1.18%
1/8/2024,"38,050.00","37,500.00","38,150.00","37,500.00",4.74M,2.28%
1/5/2024,"37,200.00","36,800.00","37,500.00","36,800.00",2.07M,0.54%
1/4/2024,"37,000.00","37,000.00","37,700.00","36,900.00",3.01M,0.00%
1/3/2024,"37,000.00","36,450.00","37,100.00","36,450.00",1.14M,1.09%
1/2/2024,"36,600.00","36,800.00","37,200.00","36,450.00",1.40M,-0.14%
12/29/2023,"36,650.00","37,000.00","37,350.00","36,650.00",1.89M,-0.95%
12/28/2023,"37,000.00","37,100.00","37,650.00","37,000.00",2.04M,-0.27%
12/27/2023,"37,100.00","37,600.00","37,800.00","37,100.00",2.09M,-1.33%
12/26/2023,"37,600.00","37,900.00","37,950.00","37,350.00",1.42M,-0.27%
12/25/2023,"37,700.00","36,700.00","37,750.00","36,600.00",2.94M,2.72%
12/22/2023,"36,700.00","36,700.00","36,900.00","36,450.00",907.50K,0.00%
12/21/2023,"36,700.00","36,400.00","36,700.00","36,100.00",955.20K,0.55%
12/20/2023,"36,500.00","36,650.00","36,700.00","36,300.00",627.50K,-0.27%
12/19/2023,"36,600.00","36,400.00","36,600.00","35,900.00",737.30K,0.83%
12/18/2023,"36,300.00","35,700.00","36,900.00","35,500.00",1.60M,1.68%
12/15/2023,"35,700.00","35,850.00","36,300.00","35,000.00",2.02M,-0.42%
12/14/2023,"35,850.00","36,600.00","36,700.00","35,800.00",1.81M,-0.97%
12/13/2023,"36,200.00","37,200.00","37,200.00","36,200.00",2.00M,-1.90%
12/12/2023,"36,900.00","36,750.00","36,950.00","36,350.00",1.25M,1.37%
12/11/2023,"36,400.00","36,950.00","37,000.00","36,200.00",1.38M,-1.36%
12/8/2023,"36,900.00","37,200.00","37,650.00","36,550.00",1.30M,-0.67%
12/7/2023,"37,150.00","38,450.00","38,450.00","36,600.00",2.96M,-2.75%
12/6/2023,"38,200.00","37,600.00","38,350.00","37,400.00",2.13M,1.60%
12/5/2023,"37,600.00","38,100.00","38,300.00","37,600.00",2.24M,-1.83%
12/4/2023,"38,300.00","37,600.00","38,800.00","37,500.00",3.86M,2.96%
12/1/2023,"37,200.00","37,500.00","37,500.00","36,600.00",1.31M,0.54%
11/30/2023,"37,000.00","37,600.00","37,800.00","37,000.00",2.57M,-0.80%
11/29/2023,"37,300.00","37,300.00","37,500.00","37,000.00",1.51M,0.27%
11/28/2023,"37,200.00","36,750.00","37,400.00","36,200.00",1.68M,0.40%
11/27/2023,"37,050.00","36,850.00","37,800.00","36,700.00",2.25M,0.41%
11/24/2023,"36,900.00","35,700.00","36,900.00","35,200.00",2.93M,3.94%
11/23/2023,"35,500.00","38,200.00","38,400.00","35,500.00",5.44M,-6.95%
11/22/2023,"38,150.00","37,850.00","38,400.00","37,450.00",4.94M,0.79%
11/21/2023,"37,850.00","37,500.00","38,400.00","37,200.00",3.28M,1.88%
11/20/2023,"37,150.00","36,700.00","37,850.00","36,000.00",2.91M,0.54%
11/17/2023,"36,950.00","37,500.00","38,000.00","35,800.00",4.39M,-1.47%
11/16/2023,"37,500.00","36,650.00","37,500.00","36,500.00",2.23M,2.18%
11/15/2023,"36,700.00","37,900.00","37,900.00","36,400.00",3.39M,-0.81%
11/14/2023,"37,000.00","37,400.00","37,850.00","36,500.00",3.06M,0.00%
11/13/2023,"37,000.00","36,900.00","37,550.00","36,100.00",3.69M,1.37%
11/10/2023,"36,500.00","36,500.00","37,900.00","36,450.00",3.80M,-0.68%
11/9/2023,"36,750.00","35,000.00","37,100.00","34,550.00",7.68M,5.91%
11/8/2023,"34,700.00","32,700.00","34,700.00","32,550.00",3.79M,6.12%
11/7/2023,"32,700.00","32,800.00","33,450.00","32,600.00",1.03M,-1.80%
11/6/2023,"33,300.00","32,450.00","33,700.00","32,050.00",1.58M,4.06%
11/3/2023,"32,000.00","33,000.00","33,000.00","31,900.00",2.49M,-1.23%
11/2/2023,"32,400.00","31,300.00","32,400.00","31,000.00",1.82M,6.93%
11/1/2023,"30,300.00","30,500.00","30,800.00","29,200.00",1.60M,0.00%
10/31/2023,"30,300.00","32,900.00","32,900.00","30,250.00",2.30M,-6.77%
10/30/2023,"32,500.00","33,400.00","34,000.00","32,500.00",975.40K,-4.13%
10/27/2023,"33,900.00","33,000.00","34,250.00","31,850.00",2.15M,3.35%
10/26/2023,"32,800.00","33,450.00","33,600.00","31,900.00",3.34M,-4.37%
10/25/2023,"34,300.00","35,000.00","35,300.00","34,300.00",1.42M,-2.56%
10/24/2023,"35,200.00","34,000.00","35,500.00","33,800.00",2.36M,3.53%
10/23/2023,"34,000.00","33,900.00","34,250.00","33,500.00",1.44M,0.44%
10/20/2023,"33,850.00","31,650.00","33,850.00","31,300.00",1.86M,6.95%
10/19/2023,"31,650.00","32,000.00","32,550.00","31,600.00",1.27M,-1.09%
10/18/2023,"32,000.00","32,700.00","33,100.00","31,000.00",2.04M,-1.54%
10/17/2023,"32,500.00","34,450.00","34,650.00","32,500.00",1.51M,-5.52%
10/16/2023,"34,400.00","34,800.00","35,500.00","34,200.00",1.53M,-1.15%
10/13/2023,"34,800.00","33,500.00","34,800.00","33,000.00",1.56M,2.96%
10/12/2023,"33,800.00","33,800.00","34,200.00","33,500.00",1.35M,1.50%
10/11/2023,"33,300.00","33,100.00","33,400.00","32,800.00",708.60K,0.30%
10/10/2023,"33,200.00","33,900.00","34,000.00","33,200.00",940.50K,-0.90%
10/9/2023,"33,500.00","32,150.00","33,500.00","32,150.00",1.12M,4.04%
10/6/2023,"32,200.00","32,200.00","32,900.00","31,000.00",1.78M,0.16%
10/5/2023,"32,150.00","33,800.00","33,800.00","32,100.00",1.49M,-3.31%
10/4/2023,"33,250.00","32,100.00","33,700.00","32,000.00",818.40K,1.68%
10/3/2023,"32,700.00","34,100.00","34,500.00","32,500.00",2.17M,-5.76%
10/2/2023,"34,700.00","35,000.00","35,400.00","34,000.00",517.80K,-0.86%
9/29/2023,"35,000.00","36,000.00","36,000.00","35,000.00",1.80M,-1.55%
9/28/2023,"35,550.00","34,600.00","35,650.00","33,550.00",2.29M,2.75%
9/27/2023,"34,600.00","32,700.00","34,600.00","31,900.00",2.11M,5.17%
9/26/2023,"32,900.00","33,100.00","34,100.00","32,900.00",2.19M,-2.37%
9/25/2023,"33,700.00","36,000.00","36,600.00","33,700.00",3.60M,-6.91%
9/22/2023,"36,200.00","37,200.00","37,500.00","36,050.00",3.96M,-5.11%
9/21/2023,"38,150.00","38,500.00","38,950.00","37,900.00",2.63M,-0.52%
9/20/2023,"38,350.00","36,800.00","38,600.00","36,750.00",3.48M,4.92%
9/19/2023,"36,550.00","37,200.00","37,200.00","36,400.00",1.20M,-1.08%
9/18/2023,"36,950.00","36,300.00","37,200.00","36,050.00",1.55M,1.79%
9/15/2023,"36,300.00","36,800.00","37,100.00","36,200.00",2.10M,-0.82%
9/14/2023,"36,600.00","37,900.00","37,900.00","36,500.00",3.24M,-3.43%
9/13/2023,"37,900.00","38,500.00","38,900.00","37,500.00",2.72M,-1.04%
9/12/2023,"38,300.00","37,400.00","38,300.00","36,900.00",3.31M,2.41%
9/11/2023,"37,400.00","39,500.00","39,800.00","37,400.00",4.48M,-4.83%
9/8/2023,"39,300.00","39,700.00","39,750.00","39,300.00",2.33M,-0.88%
9/7/2023,"39,650.00","39,500.00","40,750.00","39,500.00",4.84M,1.02%
9/6/2023,"39,250.00","39,000.00","39,350.00","38,450.00",2.38M,0.64%
9/5/2023,"39,000.00","39,050.00","39,150.00","38,450.00",2.58M,0.26%
8/31/2023,"38,900.00","38,900.00","39,300.00","38,750.00",2.72M,1.30%
8/30/2023,"38,400.00","38,000.00","38,450.00","37,600.00",2.54M,1.86%
8/29/2023,"37,700.00","37,800.00","38,400.00","37,500.00",2.17M,0.27%
8/28/2023,"37,600.00","37,500.00","38,050.00","37,200.00",2.46M,1.62%
8/25/2023,"37,000.00","37,200.00","37,450.00","36,350.00",2.31M,0.00%
8/24/2023,"37,000.00","34,850.00","37,150.00","34,800.00",3.12M,6.47%
8/23/2023,"34,750.00","36,200.00","36,200.00","34,750.00",2.60M,-2.11%
8/22/2023,"35,500.00","36,500.00","36,500.00","34,500.00",1.72M,-1.39%
8/21/2023,"36,000.00","35,500.00","37,000.00","34,550.00",3.03M,0.56%
8/18/2023,"35,800.00","38,000.00","38,200.00","35,800.00",6.11M,-6.89%
8/17/2023,"38,450.00","39,000.00","39,600.00","38,450.00",3.64M,-0.26%
8/16/2023,"38,550.00","38,700.00","38,700.00","38,050.00",1.72M,0.13%
8/15/2023,"38,500.00","38,850.00","39,200.00","38,350.00",2.18M,-0.77%
8/14/2023,"38,800.00","39,150.00","39,500.00","38,750.00",3.18M,0.26%
8/11/2023,"38,700.00","37,750.00","38,700.00","37,150.00",2.71M,2.38%
8/10/2023,"37,800.00","38,450.00","39,000.00","37,800.00",2.67M,-1.69%
8/9/2023,"38,450.00","38,500.00","38,800.00","38,050.00",2.05M,0.26%
8/8/2023,"38,350.00","39,100.00","39,300.00","38,350.00",3.06M,-2.17%
8/7/2023,"39,200.00","39,850.00","39,850.00","38,900.00",2.98M,-2.00%
8/4/2023,"40,000.00","38,800.00","40,000.00","38,550.00",6.55M,4.17%
8/3/2023,"38,400.00","38,250.00","38,950.00","38,050.00",3.10M,-0.39%
8/2/2023,"38,550.00","38,200.00","38,600.00","37,650.00",2.47M,1.18%
8/1/2023,"38,100.00","39,950.00","39,950.00","38,100.00",4.62M,-4.75%
7/31/2023,"40,000.00","39,000.00","40,000.00","37,850.00",4.05M,2.04%
7/28/2023,"39,200.00","39,050.00","39,700.00","38,500.00",3.58M,0.38%
7/27/2023,"39,050.00","38,150.00","39,100.00","37,900.00",6.38M,2.36%
7/26/2023,"38,150.00","37,300.00","38,350.00","36,900.00",6.46M,2.55%
7/25/2023,"37,200.00","37,500.00","37,600.00","36,900.00",4.20M,-0.93%
7/24/2023,"37,550.00","38,450.00","38,500.00","37,500.00",4.73M,-1.31%
7/21/2023,"38,050.00","37,800.00","38,500.00","37,100.00",4.42M,1.47%
7/20/2023,"37,500.00","36,950.00","37,900.00","36,650.00",2.71M,0.27%
7/19/2023,"37,400.00","37,800.00","37,950.00","36,800.00",3.55M,-1.06%
7/18/2023,"37,800.00","36,200.00","38,350.00","36,200.00",4.42M,3.56%
7/17/2023,"36,500.00","36,600.00","37,000.00","36,100.00",3.73M,-1.08%
7/14/2023,"36,900.00","34,800.00","36,900.00","34,700.00",6.92M,6.49%
7/13/2023,"34,650.00","32,500.00","34,650.00","32,400.00",8.13M,6.94%
7/12/2023,"32,400.00","32,650.00","32,650.00","32,100.00",2.18M,0.31%
7/11/2023,"32,300.00","32,400.00","32,700.00","32,200.00",2.52M,1.25%
7/10/2023,"31,900.00","31,950.00","32,650.00","31,850.00",3.16M,-0.16%
7/7/2023,"31,950.00","32,550.00","32,700.00","31,650.00",4.24M,-1.69%
7/6/2023,"32,500.00","33,600.00","33,600.00","32,500.00",2.78M,-3.42%
7/5/2023,"33,650.00","33,200.00","33,850.00","32,900.00",3.28M,1.97%
7/4/2023,"33,000.00","32,500.00","33,000.00","31,900.00",4.01M,1.54%
7/3/2023,"32,500.00","33,050.00","33,050.00","32,500.00",1.01M,-1.52%
6/30/2023,"33,000.00","33,100.00","33,150.00","32,250.00",2.56M,-0.15%
6/29/2023,"33,050.00","33,850.00","33,850.00","32,950.00",3.10M,-2.36%
6/28/2023,"33,850.00","33,700.00","34,200.00","33,200.00",4.26M,-0.15%
6/27/2023,"33,900.00","34,400.00","34,400.00","33,750.00",1.34M,-0.29%
6/26/2023,"34,000.00","34,000.00","34,400.00","33,400.00",2.80M,-0.15%
6/23/2023,"34,050.00","35,000.00","35,000.00","33,900.00",3.51M,-2.44%
6/22/2023,"34,900.00","35,000.00","35,300.00","34,500.00",2.82M,-0.14%
6/21/2023,"34,950.00","34,950.00","35,100.00","34,550.00",2.23M,0.00%
6/20/2023,"34,950.00","34,400.00","35,200.00","34,000.00",2.65M,1.75%
6/19/2023,"34,350.00","34,200.00","34,500.00","33,500.00",1.99M,0.59%
6/16/2023,"34,150.00","34,800.00","35,800.00","34,100.00",4.54M,-0.73%
6/15/2023,"34,400.00","34,050.00","34,800.00","34,050.00",3.32M,1.03%
6/14/2023,"34,050.00","33,600.00","34,950.00","33,350.00",5.18M,1.64%
6/13/2023,"33,500.00","33,000.00","33,650.00","32,450.00",3.82M,1.52%
6/12/2023,"33,000.00","33,000.00","33,100.00","31,950.00",1.90M,0.00%
6/9/2023,"33,000.00","32,400.00","33,000.00","31,550.00",2.93M,1.85%
6/8/2023,"32,400.00","33,700.00","33,700.00","32,400.00",3.57M,-3.28%
6/7/2023,"33,500.00","32,700.00","33,500.00","32,650.00",5.30M,3.24%
6/6/2023,"32,450.00","31,850.00","32,450.00","31,600.00",1.79M,1.88%
6/5/2023,"31,850.00","32,500.00","32,700.00","31,550.00",2.78M,-1.85%
6/2/2023,"32,450.00","32,950.00","32,950.00","32,250.00",2.15M,-0.15%
6/1/2023,"32,500.00","31,900.00","32,600.00","31,900.00",1.84M,1.56%
5/31/2023,"32,000.00","32,100.00","32,650.00","32,000.00",2.44M,-0.93%
5/30/2023,"32,300.00","32,500.00","32,800.00","32,050.00",2.02M,0.62%
5/29/2023,"32,100.00","32,000.00","32,500.00","31,900.00",1.00M,0.94%
5/26/2023,"31,800.00","31,104.00","32,098.00","31,104.00",1.65M,2.24%
5/25/2023,"31,104.00","31,750.00","31,800.00","31,005.00",2.32M,-2.64%
5/24/2023,"31,949.00","32,595.00","32,893.00","31,949.00",2.24M,-1.38%
5/23/2023,"32,396.00","32,893.00","32,993.00","32,396.00",1.46M,-2.10%
5/22/2023,"33,092.00","31,750.00","33,092.00","31,601.00",1.65M,4.06%
5/19/2023,"31,800.00","31,999.00","31,999.00","31,403.00",982.80K,0.63%
5/18/2023,"31,601.00","31,502.00","32,247.00","30,955.00",1.55M,0.47%
5/17/2023,"31,452.00","32,794.00","32,843.00","31,303.00",3.76M,-4.53%
5/16/2023,"32,943.00","32,595.00","33,291.00","32,396.00",1.34M,1.07%
5/15/2023,"32,595.00","34,185.00","34,185.00","32,595.00",2.06M,-3.10%
5/12/2023,"33,638.00","33,042.00","33,638.00","32,843.00",2.10M,1.50%
5/11/2023,"33,142.00","33,788.00","34,185.00","33,142.00",2.39M,-1.47%
5/10/2023,"33,638.00","33,291.00","33,986.00","33,092.00",1.99M,2.57%
5/9/2023,"32,794.00","33,589.00","33,688.00","32,645.00",2.59M,-2.37%
5/8/2023,"33,589.00","33,986.00","34,781.00","33,291.00",2.46M,-0.88%
5/5/2023,"33,887.00","33,589.00","34,086.00","32,744.00",1.93M,0.44%
5/4/2023,"33,738.00","32,297.00","34,284.00","32,297.00",4.08M,1.65%
4/28/2023,"33,191.00","31,601.00","33,191.00","31,253.00",5.50M,6.71%
4/27/2023,"31,104.00","31,204.00","31,899.00","30,757.00",2.02M,0.64%
4/26/2023,"30,906.00","30,906.00","30,955.00","30,011.00",2.81M,0.00%
4/25/2023,"30,906.00","31,502.00","32,297.00","30,409.00",2.02M,-1.27%
4/24/2023,"31,303.00","30,608.00","31,899.00","30,309.00",3.16M,3.28%
4/21/2023,"30,309.00","29,912.00","31,552.00","29,713.00",3.66M,1.33%
4/20/2023,"29,912.00","29,415.00","30,359.00","29,415.00",1.87M,1.52%
4/19/2023,"29,465.00","30,508.00","30,806.00","29,117.00",2.51M,-2.30%
4/18/2023,"30,160.00","30,160.00","30,409.00","29,167.00",1.94M,0.00%
4/17/2023,"30,160.00","28,918.00","30,359.00","28,421.00",2.21M,2.53%
4/14/2023,"29,415.00","31,701.00","31,701.00","29,415.00",3.50M,-6.92%
4/13/2023,"31,601.00","32,198.00","32,198.00","31,502.00",2.05M,-0.63%
4/12/2023,"31,800.00","29,813.00","31,800.00","29,465.00",5.19M,6.84%
4/11/2023,"29,763.00","29,266.00","29,813.00","28,421.00",2.12M,0.84%
4/10/2023,"29,514.00","29,614.00","29,813.00","29,067.00",1.84M,1.36%
4/7/2023,"29,117.00","29,018.00","29,216.00","28,223.00",2.39M,0.34%
4/6/2023,"29,018.00","29,316.00","30,111.00","28,819.00",3.61M,-1.35%
4/5/2023,"29,415.00","29,117.00","29,663.00","28,819.00",3.22M,2.60%
4/4/2023,"28,670.00","28,521.00","29,813.00","28,123.00",3.14M,0.70%
4/3/2023,"28,471.00","27,328.00","28,471.00","27,129.00",4.31M,6.90%
3/31/2023,"26,633.00","24,993.00","26,633.00","24,993.00",2.96M,6.99%
3/30/2023,"24,893.00","25,440.00","25,440.00","24,893.00",924.20K,-0.79%
3/29/2023,"25,092.00","24,993.00","25,241.00","24,744.00",897.40K,-0.79%
3/28/2023,"25,291.00","25,639.00","25,639.00","24,893.00",1.40M,-0.20%
3/27/2023,"25,341.00","25,142.00","25,539.00","24,794.00",1.22M,2.41%
3/24/2023,"24,744.00","23,453.00","24,744.00","23,303.00",2.40M,6.87%
3/23/2023,"23,154.00","22,956.00","23,552.00","22,757.00",1.26M,0.86%
3/22/2023,"22,956.00","23,254.00","23,552.00","22,956.00",923.50K,0.00%
3/21/2023,"22,956.00","23,105.00","23,105.00","22,658.00",1.30M,1.32%
3/20/2023,"22,658.00","23,850.00","23,850.00","22,658.00",1.62M,-4.40%
3/17/2023,"23,701.00","24,546.00","24,546.00","23,701.00",833.00K,-1.65%
3/16/2023,"24,098.00","24,546.00","24,744.00","23,900.00",807.80K,-2.81%
3/15/2023,"24,794.00","24,347.00","24,893.00","23,949.00",1.44M,4.39%
3/14/2023,"23,751.00","23,900.00","24,347.00","23,353.00",1.22M,-2.05%
3/13/2023,"24,248.00","24,744.00","25,241.00","24,248.00",1.70M,-3.56%
3/10/2023,"25,142.00","25,341.00","25,390.00","24,943.00",1.28M,-1.55%
3/9/2023,"25,539.00","25,639.00","25,937.00","25,241.00",942.60K,0.00%
3/8/2023,"25,539.00","25,142.00","25,539.00","24,546.00",774.40K,0.39%
3/7/2023,"25,440.00","25,341.00","25,589.00","25,043.00",648.30K,0.00%
3/6/2023,"25,440.00","25,539.00","26,533.00","25,440.00",1.55M,2.40%
3/3/2023,"24,844.00","24,993.00","25,192.00","24,198.00",1.02M,-0.99%
3/2/2023,"25,092.00","25,192.00","25,639.00","24,943.00",585.00K,0.20%
3/1/2023,"25,043.00","25,241.00","25,490.00","24,844.00",1.66M,-1.94%
2/28/2023,"25,539.00","26,285.00","26,334.00","25,539.00",792.30K,-1.91%
2/27/2023,"26,036.00","25,341.00","26,334.00","25,341.00",1.22M,0.58%
2/24/2023,"25,887.00","26,483.00","26,831.00","25,838.00",973.80K,-3.52%
2/23/2023,"26,831.00","27,080.00","27,328.00","25,639.00",1.60M,-0.37%
2/22/2023,"26,931.00","28,322.00","28,521.00","26,931.00",1.13M,-6.55%
2/21/2023,"28,819.00","29,912.00","30,160.00","28,521.00",1.67M,-1.70%
2/20/2023,"29,316.00","28,918.00","29,316.00","28,620.00",1.21M,3.15%
2/17/2023,"28,421.00","28,421.00","28,918.00","28,223.00",503.00K,0.00%
2/16/2023,"28,421.00","27,030.00","28,421.00","26,931.00",1.57M,6.32%
2/15/2023,"26,732.00","26,136.00","26,732.00","25,838.00",315.90K,3.07%
2/14/2023,"25,937.00","25,738.00","26,086.00","25,639.00",547.10K,1.16%
2/13/2023,"25,639.00","26,583.00","26,583.00","25,539.00",1.20M,-3.55%
2/10/2023,"26,583.00","26,483.00","26,881.00","26,334.00",393.30K,0.38%
2/9/2023,"26,483.00","26,434.00","27,030.00","26,434.00",324.30K,-1.30%
2/8/2023,"26,831.00","27,527.00","27,527.00","26,483.00",781.10K,-2.53%
2/7/2023,"27,527.00","27,626.00","27,626.00","26,831.00",482.90K,0.00%
2/6/2023,"27,527.00","27,527.00","27,626.00","27,229.00",311.90K,0.00%
2/3/2023,"27,527.00","27,775.00","28,024.00","27,428.00",297.10K,-0.36%
2/2/2023,"27,626.00","27,626.00","27,924.00","26,881.00",911.20K,0.00%
2/1/2023,"27,626.00","29,365.00","29,415.00","27,626.00",1.77M,-4.80%
1/31/2023,"29,018.00","29,216.00","29,316.00","28,670.00",627.70K,-0.68%
1/30/2023,"29,216.00","28,223.00","29,266.00","27,825.00",1.73M,3.16%
1/27/2023,"28,322.00","28,372.00","28,719.00","28,173.00",742.80K,-0.18%
1/19/2023,"28,372.00","27,577.00","28,521.00","27,328.00",912.00K,2.88%
1/18/2023,"27,577.00","27,179.00","27,726.00","26,334.00",844.20K,4.72%
1/17/2023,"26,334.00","25,589.00","26,732.00","25,589.00",999.60K,3.51%
1/16/2023,"25,440.00","26,136.00","26,185.00","25,440.00",1.33M,-2.48%
1/13/2023,"26,086.00","27,080.00","27,278.00","25,937.00",1.55M,-1.68%
1/12/2023,"26,533.00","27,825.00","28,024.00","26,533.00",1.15M,-4.47%
1/11/2023,"27,775.00","27,527.00","28,719.00","27,229.00",650.90K,0.90%
1/10/2023,"27,527.00","27,924.00","28,670.00","27,129.00",1.35M,-2.81%
1/9/2023,"28,322.00","29,962.00","29,962.00","28,322.00",898.30K,-5.47%
1/6/2023,"29,962.00","30,707.00","31,104.00","28,918.00",938.30K,-1.95%
1/5/2023,"30,558.00","30,806.00","31,104.00","30,409.00",874.00K,-0.81%
1/4/2023,"30,806.00","32,198.00","32,198.00","30,558.00",1.22M,-2.97%
1/3/2023,"31,750.00","30,806.00","31,750.00","30,458.00",2.06M,3.06%
12/30/2022,"30,806.00","29,763.00","30,806.00","29,465.00",1.43M,3.68%
12/29/2022,"29,713.00","29,514.00","29,912.00","29,514.00",299.80K,-0.50%
12/28/2022,"29,862.00","29,813.00","29,862.00","29,117.00",934.60K,0.16%
12/27/2022,"29,813.00","27,974.00","29,813.00","27,974.00",1.05M,3.63%
12/26/2022,"28,769.00","29,614.00","29,614.00","27,726.00",1.01M,-3.50%
12/23/2022,"29,813.00","29,514.00","30,061.00","29,365.00",879.10K,-1.64%
12/22/2022,"30,309.00","29,614.00","30,309.00","28,918.00",1.49M,0.00%
12/21/2022,"30,309.00","30,409.00","30,409.00","28,620.00",1.78M,-0.65%
12/20/2022,"30,508.00","29,813.00","30,508.00","28,421.00",4.68M,0.00%
12/19/2022,"30,508.00","30,558.00","30,608.00","30,160.00",1.67M,0.66%
12/16/2022,"30,309.00","30,160.00","31,303.00","29,912.00",1.39M,0.00%
12/15/2022,"30,309.00","30,210.00","30,458.00","29,862.00",835.90K,0.00%
12/14/2022,"30,309.00","30,757.00","30,806.00","29,813.00",1.67M,1.66%
12/13/2022,"29,813.00","27,428.00","29,813.00","27,428.00",1.73M,6.20%
12/12/2022,"28,073.00","29,696.00","29,696.00","28,073.00",1.81M,-5.47%
12/9/2022,"29,696.00","29,204.00","29,696.00","28,024.00",2.23M,0.67%
12/8/2022,"29,499.00","27,926.00","29,499.00","27,926.00",2.69M,6.20%
12/7/2022,"27,778.00","28,368.00","28,418.00","27,139.00",2.92M,-3.42%
12/6/2022,"28,762.00","29,008.00","29,303.00","27,680.00",4.30M,-2.17%
12/5/2022,"29,401.00","29,008.00","29,499.00","28,024.00",3.44M,1.87%
12/2/2022,"28,860.00","27,090.00","28,958.00","26,943.00",3.32M,6.53%
12/1/2022,"27,090.00","28,123.00","29,401.00","27,041.00",6.46M,-3.33%
11/30/2022,"28,024.00","27,090.00","28,024.00","26,205.00",3.17M,3.26%
11/29/2022,"27,139.00","27,041.00","27,434.00","25,074.00",4.02M,3.18%
11/28/2022,"26,303.00","25,517.00","26,303.00","25,074.00",3.23M,7.00%
11/25/2022,"24,583.00","23,796.00","24,681.00","23,501.00",3.85M,6.38%
11/24/2022,"23,108.00","21,338.00","23,304.00","21,338.00",4.46M,6.10%
11/23/2022,"21,780.00","22,616.00","23,009.00","21,633.00",3.01M,-4.11%
11/22/2022,"22,714.00","23,206.00","24,239.00","22,223.00",6.62M,0.22%
11/21/2022,"22,665.00","22,616.00","22,665.00","22,174.00",5.52M,6.96%
11/18/2022,"21,190.00","20,453.00","21,190.00","20,010.00",5.06M,6.94%
11/17/2022,"19,814.00","19,469.00","19,814.00","19,125.00",3.41M,6.90%
11/16/2022,"18,535.00","16,175.00","18,535.00","16,175.00",4.93M,6.80%
11/15/2022,"17,355.00","17,749.00","18,339.00","17,355.00",3.07M,-6.86%
11/14/2022,"18,634.00","18,585.00","18,732.00","17,896.00",2.12M,-2.32%
11/11/2022,"19,076.00","18,683.00","19,174.00","17,700.00",3.83M,3.19%
11/10/2022,"18,486.00","18,683.00","19,224.00","18,486.00",3.19M,-6.93%
11/9/2022,"19,863.00","19,863.00","20,994.00","19,371.00",2.46M,1.00%
11/8/2022,"19,666.00","18,486.00","20,158.00","18,486.00",2.72M,-0.99%
11/7/2022,"19,863.00","20,649.00","20,846.00","19,863.00",1.77M,-6.91%
11/4/2022,"21,338.00","22,223.00","22,518.00","21,338.00",3.63M,-6.87%
11/3/2022,"22,911.00","22,124.00","23,009.00","22,124.00",1.28M,0.43%
11/2/2022,"22,813.00","22,518.00","22,813.00","21,879.00",1.66M,2.65%
11/1/2022,"22,223.00","22,813.00","23,059.00","22,223.00",1.53M,-0.87%
10/31/2022,"22,419.00","22,419.00","22,616.00","21,190.00",2.80M,-0.87%
10/28/2022,"22,616.00","23,157.00","23,550.00","22,616.00",2.24M,-1.08%
10/27/2022,"22,862.00","21,633.00","23,059.00","21,534.00",3.30M,5.68%
10/26/2022,"21,633.00","20,895.00","22,075.00","20,895.00",3.73M,2.33%
10/25/2022,"21,141.00","21,436.00","23,304.00","20,944.00",4.27M,-6.12%
10/24/2022,"22,518.00","24,288.00","24,534.00","22,518.00",3.23M,-6.91%
10/21/2022,"24,189.00","25,615.00","25,664.00","24,091.00",3.24M,-6.47%
10/20/2022,"25,861.00","26,254.00","26,549.00","25,664.00",1.19M,-1.50%
10/19/2022,"26,254.00","26,353.00","26,795.00","26,156.00",1.19M,-0.74%
10/18/2022,"26,451.00","26,353.00","27,434.00","26,353.00",2.19M,1.70%
10/17/2022,"26,008.00","26,058.00","26,107.00","25,124.00",2.58M,-1.31%
10/14/2022,"26,353.00","26,254.00","26,795.00","26,058.00",2.95M,2.68%
10/13/2022,"25,664.00","25,468.00","26,008.00","25,074.00",3.18M,3.78%
10/12/2022,"24,730.00","23,206.00","24,730.00","23,206.00",3.56M,6.79%
10/11/2022,"23,157.00","24,878.00","24,976.00","23,157.00",3.43M,-6.92%
10/10/2022,"24,878.00","24,042.00","25,566.00","24,042.00",4.74M,1.81%
10/7/2022,"24,435.00","25,566.00","25,566.00","24,386.00",4.75M,-6.75%
10/6/2022,"26,205.00","28,221.00","28,319.00","26,205.00",2.51M,-6.98%
10/5/2022,"28,172.00","27,238.00","28,368.00","27,188.00",2.90M,5.14%
10/4/2022,"26,795.00","28,024.00","28,123.00","26,549.00",3.54M,-3.37%
10/3/2022,"27,729.00","29,794.00","29,794.00","27,729.00",3.50M,-6.93%
9/30/2022,"29,794.00","31,368.00","31,368.00","28,614.00",4.26M,-2.88%
9/29/2022,"30,679.00","31,810.00","32,597.00","30,679.00",4.83M,-0.80%
9/28/2022,"30,925.00","30,483.00","31,957.00","30,483.00",3.22M,-0.94%
9/27/2022,"31,220.00","32,892.00","32,941.00","30,384.00",5.48M,-3.93%
9/26/2022,"32,498.00","34,416.00","34,416.00","32,498.00",10.36M,-6.90%
9/23/2022,"34,907.00","35,497.00","35,989.00","34,612.00",2.63M,-1.39%
9/22/2022,"35,399.00","34,711.00","35,891.00","34,170.00",5.81M,-1.51%
9/21/2022,"35,940.00","36,186.00","36,432.00","35,891.00",1.34M,-1.48%
9/20/2022,"36,481.00","35,989.00","36,579.00","35,350.00",2.01M,1.93%
9/19/2022,"35,792.00","37,464.00","37,562.00","35,743.00",2.13M,-5.45%
9/16/2022,"37,857.00","39,136.00","39,185.00","37,710.00",1.73M,-3.27%
9/15/2022,"39,136.00","39,627.00","39,726.00","38,988.00",1.22M,-0.50%
9/14/2022,"39,332.00","38,841.00","39,775.00","37,956.00",1.89M,0.00%
9/13/2022,"39,332.00","39,136.00","39,578.00","38,841.00",1.30M,0.00%
9/12/2022,"39,332.00","40,168.00","40,168.00","39,332.00",1.56M,-0.50%
9/9/2022,"39,529.00","39,824.00","39,824.00","38,644.00",1.45M,0.50%
9/8/2022,"39,332.00","39,332.00","39,922.00","38,644.00",2.15M,1.26%
9/7/2022,"38,841.00","41,446.00","41,496.00","38,841.00",3.33M,-5.95%
9/6/2022,"41,299.00","41,250.00","41,987.00","41,201.00",897.20K,-0.35%
9/5/2022,"41,446.00","41,151.00","41,643.00","40,709.00",1.09M,0.72%
8/31/2022,"41,151.00","42,282.00","42,282.00","41,151.00",2.01M,-2.79%
8/30/2022,"42,331.00","43,216.00","43,266.00","42,331.00",1.64M,-1.71%
8/29/2022,"43,069.00","42,331.00","43,069.00","42,233.00",1.59M,-1.24%
8/26/2022,"43,610.00","42,725.00","43,757.00","42,233.00",3.05M,1.95%
8/25/2022,"42,774.00","42,381.00","43,020.00","42,381.00",1.40M,0.93%
8/24/2022,"42,381.00","42,774.00","43,167.00","42,233.00",1.31M,-1.26%
8/23/2022,"42,921.00","41,496.00","42,921.00","41,496.00",1.87M,2.58%
8/22/2022,"41,840.00","40,316.00","42,233.00","40,168.00",1.74M,3.03%
8/19/2022,"40,611.00","41,987.00","42,184.00","40,316.00",2.31M,-3.28%
8/18/2022,"41,987.00","42,577.00","42,971.00","41,987.00",1.62M,-2.51%
8/17/2022,"43,069.00","42,086.00","43,413.00","41,987.00",2.73M,2.34%
8/16/2022,"42,086.00","42,479.00","42,577.00","42,086.00",1.09M,-0.93%
8/15/2022,"42,479.00","42,184.00","42,676.00","41,594.00",1.33M,1.89%
8/12/2022,"41,692.00","41,741.00","41,938.00","40,807.00",1.86M,-0.24%
8/11/2022,"41,791.00","42,971.00","43,266.00","41,348.00",1.97M,-1.16%
8/10/2022,"42,282.00","42,479.00","43,462.00","42,184.00",3.04M,-0.58%
8/9/2022,"42,528.00","41,594.00","43,118.00","41,201.00",2.02M,2.61%
8/8/2022,"41,446.00","41,201.00","41,791.00","40,906.00",1.60M,0.84%
8/5/2022,"41,102.00","40,119.00","41,102.00","40,119.00",1.53M,1.33%
8/4/2022,"40,561.00","40,807.00","41,053.00","40,217.00",1.35M,-0.24%
8/3/2022,"40,660.00","39,824.00","41,201.00","39,627.00",1.98M,0.98%
8/2/2022,"40,266.00","40,561.00","41,250.00","40,168.00",2.23M,-0.73%
8/1/2022,"40,561.00","39,136.00","40,611.00","38,644.00",3.01M,5.36%
7/29/2022,"38,496.00","38,841.00","38,890.00","38,349.00",2.82M,0.26%
7/28/2022,"38,398.00","37,956.00","38,988.00","37,710.00",3.00M,2.23%
7/27/2022,"37,562.00","36,186.00","37,562.00","36,137.00",1.36M,3.24%
7/26/2022,"36,382.00","37,169.00","37,169.00","36,382.00",1.08M,-0.27%
7/25/2022,"36,481.00","36,874.00","37,218.00","36,382.00",1.34M,-1.46%
7/22/2022,"37,022.00","37,562.00","37,907.00","37,022.00",985.20K,-1.44%
7/21/2022,"37,562.00","37,513.00","38,005.00","37,513.00",1.15M,1.06%
7/20/2022,"37,169.00","36,677.00","37,759.00","36,677.00",1.43M,2.16%
7/19/2022,"36,382.00","36,972.00","36,972.00","35,989.00",1.75M,-1.99%
7/18/2022,"37,120.00","37,808.00","37,956.00","36,874.00",1.02M,-1.05%
7/15/2022,"37,513.00","37,562.00","38,841.00","37,464.00",1.72M,0.39%
7/14/2022,"37,366.00","36,087.00","38,251.00","35,989.00",2.48M,2.70%
7/13/2022,"36,382.00","36,776.00","36,972.00","36,284.00",1.06M,-1.60%
7/12/2022,"36,972.00","35,497.00","36,972.00","35,448.00",1.82M,3.87%
7/11/2022,"35,596.00","35,891.00","36,333.00","35,301.00",1.70M,-0.96%
7/8/2022,"35,940.00","35,153.00","36,579.00","35,153.00",2.15M,2.96%
7/7/2022,"34,907.00","34,514.00","35,301.00","33,875.00",1.21M,1.43%
7/6/2022,"34,416.00","34,022.00","35,399.00","34,022.00",1.41M,-1.27%
7/5/2022,"34,858.00","35,399.00","35,399.00","34,121.00",1.01M,-0.14%
7/4/2022,"34,907.00","36,776.00","37,071.00","34,907.00",1.08M,-1.53%
7/1/2022,"35,448.00","34,612.00","35,891.00","34,170.00",1.83M,0.70%
6/30/2022,"35,202.00","36,874.00","37,071.00","35,202.00",1.79M,-4.15%
6/29/2022,"36,727.00","35,842.00","36,727.00","35,448.00",1.97M,1.50%
6/28/2022,"36,186.00","36,186.00","36,874.00","35,547.00",1.57M,2.22%
6/27/2022,"35,399.00","35,399.00","36,087.00","34,957.00",1.89M,0.00%
6/24/2022,"35,399.00","35,792.00","35,989.00","35,301.00",1.68M,-0.83%
6/23/2022,"35,694.00","34,416.00","36,087.00","34,121.00",2.01M,4.31%
6/22/2022,"34,219.00","33,432.00","35,399.00","33,432.00",2.20M,2.35%
6/21/2022,"33,432.00","32,154.00","34,367.00","31,810.00",3.04M,-2.02%
6/20/2022,"34,121.00","35,891.00","38,054.00","34,121.00",2.37M,-6.97%
6/17/2022,"36,677.00","37,562.00","37,759.00","36,481.00",2.32M,-4.36%
6/16/2022,"38,349.00","39,234.00","39,529.00","38,349.00",1.89M,1.17%
6/15/2022,"37,907.00","38,447.00","39,332.00","36,874.00",2.45M,-3.86%
6/14/2022,"39,431.00","37,857.00","40,168.00","37,366.00",2.29M,0.50%
6/13/2022,"39,234.00","40,611.00","41,299.00","39,234.00",3.29M,-6.99%
6/10/2022,"42,184.00","42,282.00","43,266.00","42,086.00",1.74M,-2.72%
6/9/2022,"43,364.00","43,561.00","43,856.00","42,725.00",2.30M,0.11%
6/8/2022,"43,315.00","40,512.00","43,315.00","40,414.00",3.17M,6.92%
6/7/2022,"40,512.00","41,446.00","42,036.00","39,824.00",3.63M,-4.41%
6/6/2022,"42,381.00","43,315.00","43,856.00","42,381.00",2.39M,-2.38%
6/3/2022,"43,413.00","43,856.00","44,446.00","43,216.00",2.17M,-1.89%
6/2/2022,"44,249.00","45,380.00","45,380.00","44,249.00",4.14M,-3.12%
6/1/2022,"45,675.00","46,805.00","46,953.00","44,937.00",3.71M,-2.72%
5/31/2022,"46,953.00","46,904.00","47,199.00","46,215.00",2.34M,-0.10%
5/30/2022,"47,002.00","47,592.00","47,690.00","46,904.00",2.24M,0.00%
5/27/2022,"47,002.00","46,461.00","48,084.00","46,412.00",3.44M,1.16%
5/26/2022,"46,461.00","46,412.00","47,199.00","45,773.00",2.19M,0.53%
5/25/2022,"46,215.00","45,232.00","46,609.00","45,085.00",2.39M,2.17%
5/24/2022,"45,232.00","45,429.00","45,429.00","42,282.00",1.54M,2.36%
5/23/2022,"44,191.00","46,425.00","46,425.00","43,900.00",1.52M,-2.99%
5/20/2022,"45,551.00","45,405.00","46,522.00","45,114.00",2.61M,0.21%
5/19/2022,"45,454.00","44,191.00","45,502.00","44,191.00",1.56M,0.65%
5/18/2022,"45,162.00","46,036.00","46,571.00","45,162.00",2.38M,-1.06%
5/17/2022,"45,648.00","42,734.00","46,036.00","42,637.00",3.03M,5.15%
5/16/2022,"43,414.00","45,065.00","45,065.00","42,734.00",1.93M,2.05%
5/13/2022,"42,540.00","44,677.00","45,648.00","42,006.00",3.35M,-5.81%
5/12/2022,"45,162.00","47,105.00","47,979.00","45,162.00",2.95M,-6.25%
5/11/2022,"48,173.00","47,299.00","49,047.00","46,134.00",2.97M,1.64%
5/10/2022,"47,396.00","42,249.00","47,590.00","42,249.00",2.73M,5.97%
5/9/2022,"44,725.00","47,202.00","47,299.00","44,725.00",2.99M,-6.97%
5/6/2022,"48,076.00","46,036.00","48,076.00","45,745.00",5.50M,3.02%
5/5/2022,"46,668.00","47,105.00","47,396.00","46,036.00",5.51M,0.42%
5/4/2022,"46,474.00","45,842.00","47,105.00","45,357.00",3.49M,1.38%
4/29/2022,"45,842.00","44,191.00","47,056.00","44,191.00",6.96M,2.50%
4/28/2022,"44,725.00","44,968.00","45,162.00","44,385.00",4.24M,-0.54%
4/27/2022,"44,968.00","43,220.00","45,551.00","42,443.00",2.59M,2.66%
4/26/2022,"43,803.00","38,946.00","43,803.00","38,169.00",5.85M,7.00%
4/25/2022,"40,937.00","43,706.00","44,968.00","40,937.00",3.62M,-6.96%
4/22/2022,"43,997.00","44,774.00","46,134.00","41,617.00",7.00M,-2.24%
4/21/2022,"45,007.00","47,206.00","47,792.00","45,007.00",7.79M,-6.97%
4/20/2022,"48,378.00","48,574.00","49,844.00","48,378.00",1.83M,-2.18%
4/19/2022,"49,454.00","50,333.00","51,017.00","49,160.00",2.77M,-0.39%
4/18/2022,"49,649.00","50,333.00","50,333.00","47,890.00",4.22M,-1.55%
4/15/2022,"50,431.00","51,604.00","52,483.00","50,333.00",1.83M,-2.27%
4/14/2022,"51,604.00","52,972.00","52,972.00","51,408.00",2.33M,-1.67%
4/13/2022,"52,483.00","50,431.00","52,581.00","50,040.00",2.76M,4.68%
4/12/2022,"50,138.00","52,581.00","53,265.00","50,138.00",2.59M,-4.65%
4/8/2022,"52,581.00","52,483.00","53,558.00","52,288.00",2.42M,0.00%
4/7/2022,"52,581.00","53,754.00","54,731.00","52,581.00",4.02M,-2.54%
4/6/2022,"53,949.00","54,536.00","55,220.00","53,363.00",4.39M,-1.43%
4/5/2022,"54,731.00","54,536.00","56,002.00","53,852.00",4.02M,0.00%
4/4/2022,"54,731.00","56,588.00","56,588.00","54,731.00",4.94M,-2.27%
4/1/2022,"56,002.00","54,731.00","56,002.00","54,438.00",2.99M,1.60%
3/31/2022,"55,122.00","55,220.00","55,904.00","55,122.00",3.40M,0.00%
3/30/2022,"55,122.00","56,686.00","57,956.00","54,633.00",7.83M,-3.92%
3/29/2022,"57,370.00","57,175.00","58,347.00","56,588.00",3.68M,0.86%
3/28/2022,"56,881.00","58,152.00","58,641.00","56,197.00",10.70M,-4.43%
3/25/2022,"59,520.00","59,716.00","59,813.00","58,836.00",2.84M,0.16%
3/24/2022,"59,422.00","57,859.00","60,009.00","57,565.00",7.56M,2.18%
3/23/2022,"58,152.00","57,175.00","59,520.00","57,175.00",6.54M,0.85%
3/22/2022,"57,663.00","59,422.00","59,422.00","57,565.00",7.82M,-0.84%
3/21/2022,"58,152.00","55,220.00","58,152.00","54,829.00",12.52M,6.63%
3/18/2022,"54,536.00","55,024.00","55,122.00","54,340.00",3.38M,-0.53%
3/17/2022,"54,829.00","53,754.00","55,220.00","53,363.00",9.21M,2.94%
3/16/2022,"53,265.00","53,167.00","53,656.00","52,874.00",2.90M,0.93%
3/15/2022,"52,776.00","52,776.00","53,070.00","52,092.00",1.99M,0.74%
3/14/2022,"52,386.00","51,310.00","53,070.00","51,017.00",3.90M,0.94%
3/11/2022,"51,897.00","52,581.00","52,776.00","51,310.00",2.73M,-2.03%
3/10/2022,"52,972.00","52,972.00","54,047.00","52,581.00",4.02M,0.93%
3/9/2022,"52,483.00","51,897.00","52,679.00","49,942.00",5.59M,0.37%
3/8/2022,"52,288.00","52,972.00","53,558.00","52,092.00",6.88M,-2.55%
3/7/2022,"53,656.00","53,949.00","54,731.00","52,972.00",8.68M,-2.31%
3/4/2022,"54,927.00","55,708.00","55,708.00","54,731.00",5.90M,-1.06%
3/3/2022,"55,513.00","54,829.00","55,904.00","54,438.00",4.26M,1.79%
3/2/2022,"54,536.00","55,220.00","55,904.00","54,438.00",7.04M,-1.24%
3/1/2022,"55,220.00","53,167.00","56,002.00","52,874.00",10.51M,4.24%
2/28/2022,"52,972.00","52,386.00","53,656.00","52,190.00",3.88M,0.93%
2/25/2022,"52,483.00","51,897.00","53,265.00","51,506.00",3.14M,2.48%
2/24/2022,"51,213.00","52,972.00","53,265.00","50,138.00",4.98M,-4.38%
2/23/2022,"53,558.00","52,679.00","54,047.00","52,483.00",2.46M,1.48%
2/22/2022,"52,776.00","52,874.00","53,754.00","51,310.00",3.87M,-2.35%
2/21/2022,"54,047.00","53,754.00","55,122.00","53,558.00",3.49M,0.18%
2/18/2022,"53,949.00","52,679.00","54,145.00","52,679.00",2.48M,0.73%
2/17/2022,"53,558.00","53,558.00","53,558.00","52,483.00",3.33M,0.18%
2/16/2022,"53,461.00","52,972.00","54,633.00","52,776.00",3.57M,1.48%
2/15/2022,"52,679.00","50,920.00","52,679.00","50,822.00",2.87M,3.06%
2/14/2022,"51,115.00","50,529.00","52,288.00","50,529.00",3.00M,-1.69%
2/11/2022,"51,995.00","52,190.00","52,386.00","51,701.00",2.04M,-1.48%
2/10/2022,"52,776.00","52,776.00","52,776.00","51,310.00",2.61M,0.18%
2/9/2022,"52,679.00","49,649.00","52,679.00","49,258.00",4.68M,6.10%
2/8/2022,"49,649.00","48,867.00","50,138.00","47,987.00",3.45M,1.60%
2/7/2022,"48,867.00","49,356.00","49,454.00","48,672.00",2.37M,0.00%
1/28/2022,"48,867.00","48,427.00","49,063.00","47,450.00",3.34M,0.00%
1/27/2022,"48,867.00","49,356.00","49,356.00","48,085.00",1.95M,-1.96%
1/26/2022,"49,844.00","50,822.00","50,822.00","48,965.00",4.58M,-1.92%
1/25/2022,"50,822.00","47,890.00","50,822.00","45,446.00",5.28M,5.69%
1/24/2022,"48,085.00","50,822.00","51,213.00","48,085.00",5.67M,-6.99%
1/21/2022,"51,701.00","52,581.00","52,874.00","50,431.00",3.92M,-1.67%
1/20/2022,"52,581.00","50,822.00","53,265.00","50,431.00",5.53M,4.06%
1/19/2022,"50,529.00","47,890.00","51,213.00","47,890.00",6.91M,5.51%
1/18/2022,"47,890.00","49,063.00","51,799.00","47,890.00",6.16M,-6.84%
1/17/2022,"51,408.00","55,708.00","56,002.00","51,408.00",6.39M,-6.90%
1/14/2022,"55,220.00","51,897.00","56,588.00","51,897.00",3.23M,2.73%
1/13/2022,"53,754.00","56,686.00","56,686.00","52,386.00",5.89M,-4.35%
1/12/2022,"56,197.00","55,708.00","57,565.00","53,754.00",16.25M,-2.71%
1/11/2022,"57,761.00","59,325.00","60,888.00","57,663.00",6.89M,-2.64%
1/10/2022,"59,325.00","63,136.00","63,429.00","59,325.00",9.58M,-6.76%
1/7/2022,"63,625.00","63,723.00","64,505.00","62,550.00",6.37M,0.93%
1/6/2022,"63,039.00","63,332.00","64,700.00","62,159.00",5.39M,-0.77%
1/5/2022,"63,527.00","63,039.00","65,482.00","62,843.00",7.07M,1.25%
1/4/2022,"62,745.00","62,452.00","64,016.00","61,573.00",6.45M,0.00%
12/31/2021,"62,745.00","60,791.00","62,745.00","59,716.00",3.19M,2.72%
12/30/2021,"61,084.00","62,061.00","62,550.00","60,107.00",4.11M,-1.26%
12/29/2021,"61,866.00","62,354.00","63,332.00","61,084.00",5.62M,0.48%
12/28/2021,"61,573.00","61,573.00","62,061.00","60,595.00",4.10M,1.13%
12/27/2021,"60,888.00","59,422.00","60,888.00","57,175.00",6.24M,2.63%
12/24/2021,"59,325.00","59,227.00","60,986.00","59,031.00",3.49M,0.17%
12/23/2021,"59,227.00","62,257.00","62,452.00","57,956.00",9.65M,-4.87%
12/22/2021,"62,257.00","64,211.00","65,384.00","62,257.00",7.53M,-2.30%
12/21/2021,"63,723.00","61,084.00","64,016.00","60,204.00",6.61M,4.32%
12/20/2021,"61,084.00","63,527.00","63,527.00","60,400.00",7.78M,-3.55%
12/17/2021,"63,332.00","64,602.00","65,873.00","62,550.00",6.05M,-0.46%
12/16/2021,"63,625.00","59,618.00","63,723.00","59,031.00",9.95M,6.72%
12/15/2021,"59,618.00","59,129.00","60,986.00","57,663.00",6.21M,1.50%
12/14/2021,"58,738.00","58,641.00","60,009.00","57,859.00",6.30M,0.50%
12/13/2021,"58,445.00","55,611.00","58,445.00","54,829.00",13.57M,6.98%
12/10/2021,"54,633.00","53,754.00","55,024.00","53,558.00",4.72M,1.64%
12/9/2021,"53,754.00","52,581.00","53,852.00","52,386.00",3.29M,1.66%
12/8/2021,"52,874.00","53,461.00","54,633.00","52,288.00",3.80M,-1.10%
12/7/2021,"53,461.00","52,288.00","53,754.00","50,138.00",7.88M,3.40%
12/6/2021,"51,701.00","55,318.00","55,708.00","51,701.00",6.77M,-6.87%
12/3/2021,"55,513.00","56,881.00","58,152.00","55,513.00",5.53M,-1.04%
12/2/2021,"56,099.00","54,242.00","56,881.00","53,656.00",7.89M,3.99%
12/1/2021,"53,949.00","54,340.00","55,415.00","53,265.00",2.94M,-1.08%
11/30/2021,"54,536.00","53,852.00","55,220.00","53,070.00",3.57M,2.20%
11/29/2021,"53,363.00","52,386.00","55,513.00","52,288.00",2.85M,-1.44%
11/26/2021,"54,145.00","56,490.00","57,077.00","53,265.00",5.16M,-2.81%
11/25/2021,"55,708.00","53,949.00","56,686.00","53,558.00",3.32M,3.64%
11/24/2021,"53,754.00","53,656.00","54,047.00","51,995.00",3.42M,4.14%
11/23/2021,"51,617.00","49,867.00","51,617.00","48,642.00",5.94M,2.08%
11/22/2021,"50,567.00","53,716.00","53,979.00","50,567.00",9.03M,-6.92%
11/19/2021,"54,329.00","58,178.00","58,266.00","53,716.00",7.58M,-5.91%
11/18/2021,"57,741.00","57,303.00","58,266.00","56,341.00",4.32M,2.48%
11/17/2021,"56,341.00","55,729.00","57,303.00","55,379.00",4.80M,1.10%
11/16/2021,"55,729.00","56,428.00","57,566.00","55,379.00",11.72M,-4.21%
11/15/2021,"58,178.00","60,365.00","60,978.00","55,466.00",9.67M,-2.21%
11/12/2021,"59,490.00","58,616.00","59,490.00","57,128.00",5.91M,3.97%
11/11/2021,"57,216.00","54,241.00","57,216.00","54,241.00",8.34M,6.86%
11/10/2021,"53,541.00","53,804.00","54,679.00","52,754.00",5.35M,-0.33%
11/9/2021,"53,716.00","53,629.00","54,679.00","53,191.00",5.71M,0.99%
11/8/2021,"53,191.00","51,354.00","53,716.00","50,567.00",5.44M,3.58%
11/5/2021,"51,354.00","52,579.00","53,104.00","51,179.00",7.21M,-2.33%
11/4/2021,"52,579.00","50,829.00","53,804.00","50,304.00",7.24M,3.80%
11/3/2021,"50,654.00","57,566.00","57,653.00","50,654.00",11.71M,-6.91%
11/2/2021,"54,416.00","51,442.00","54,416.00","51,004.00",7.95M,6.87%
11/1/2021,"50,917.00","52,492.00","52,842.00","49,605.00",8.10M,0.34%
10/29/2021,"50,742.00","53,191.00","53,891.00","50,742.00",8.66M,-2.85%
10/28/2021,"52,229.00","49,605.00","52,492.00","49,605.00",5.88M,5.66%
10/27/2021,"49,430.00","48,905.00","49,692.00","48,467.00",7.15M,3.29%
10/26/2021,"47,855.00","46,805.00","48,030.00","46,630.00",5.73M,1.30%
10/25/2021,"47,242.00","47,417.00","49,692.00","46,892.00",5.92M,-0.37%
10/22/2021,"47,417.00","45,055.00","47,417.00","44,530.00",6.34M,6.27%
10/21/2021,"44,618.00","45,493.00","46,368.00","44,443.00",7.84M,0.59%
10/20/2021,"44,355.00","42,868.00","45,318.00","42,868.00",7.92M,3.47%
10/19/2021,"42,868.00","43,043.00","43,043.00","42,343.00",4.46M,-0.91%
10/18/2021,"43,262.00","41,162.00","43,612.00","41,162.00",6.97M,5.89%
10/15/2021,"40,856.00","40,856.00","41,468.00","40,506.00",3.80M,0.00%
10/14/2021,"40,856.00","39,631.00","41,381.00","39,369.00",6.85M,4.94%
10/13/2021,"38,931.00","38,231.00","39,281.00","38,056.00",3.72M,2.53%
10/12/2021,"37,969.00","38,231.00","38,713.00","37,838.00",3.20M,-0.69%
10/11/2021,"38,231.00","38,669.00","39,369.00","38,188.00",3.14M,-0.68%
10/8/2021,"38,494.00","38,144.00","38,888.00","38,056.00",2.95M,1.62%
10/7/2021,"37,881.00","37,881.00","38,406.00","37,575.00",3.00M,-0.12%
10/6/2021,"37,925.00","37,138.00","37,925.00","37,138.00",3.39M,2.60%
10/5/2021,"36,963.00","36,394.00","37,138.00","36,175.00",1.68M,1.56%
10/4/2021,"36,394.00","35,869.00","36,657.00","35,651.00",1.66M,0.73%
10/1/2021,"36,132.00","36,482.00","36,569.00","36,000.00",1.93M,-1.55%
9/30/2021,"36,700.00","36,744.00","37,182.00","36,613.00",1.98M,0.00%
9/29/2021,"36,700.00","36,744.00","37,182.00","36,525.00",1.24M,-1.30%
9/28/2021,"37,182.00","35,432.00","37,182.00","35,432.00",2.72M,3.66%
9/27/2021,"35,869.00","36,832.00","36,832.00","35,869.00",1.81M,-2.96%
9/24/2021,"36,963.00","36,963.00","37,619.00","36,394.00",1.41M,0.00%
9/23/2021,"36,963.00","36,744.00","37,444.00","36,744.00",2.74M,0.60%
9/22/2021,"36,744.00","36,657.00","36,744.00","35,957.00",2.77M,0.24%
9/21/2021,"36,657.00","36,700.00","36,919.00","35,869.00",3.60M,-1.30%
9/20/2021,"37,138.00","38,756.00","38,756.00","37,007.00",2.49M,-2.75%
9/17/2021,"38,188.00","37,531.00","38,494.00","37,531.00",1.89M,1.51%
9/16/2021,"37,619.00","37,007.00","37,794.00","36,963.00",1.81M,0.94%
9/15/2021,"37,269.00","36,832.00","37,488.00","36,482.00",1.62M,1.19%
9/14/2021,"36,832.00","37,794.00","37,881.00","36,744.00",2.41M,-2.55%
9/13/2021,"37,794.00","38,144.00","38,494.00","37,663.00",1.87M,-1.82%
9/10/2021,"38,494.00","39,106.00","39,106.00","38,188.00",1.86M,-0.68%
9/9/2021,"38,756.00","38,931.00","38,931.00","38,363.00",1.99M,0.68%
9/8/2021,"38,494.00","38,581.00","39,194.00","38,144.00",2.25M,-0.90%
9/7/2021,"38,844.00","40,069.00","40,069.00","38,363.00",4.07M,-2.84%
9/6/2021,"39,981.00","38,363.00","40,375.00","38,100.00",5.63M,5.54%
9/1/2021,"37,881.00","38,013.00","38,013.00","37,663.00",2.14M,-0.46%
8/31/2021,"38,056.00","38,056.00","38,406.00","37,444.00",3.93M,0.00%
8/30/2021,"38,056.00","37,488.00","38,319.00","37,050.00",3.65M,2.59%
8/27/2021,"37,094.00","36,350.00","37,094.00","35,957.00",2.38M,1.68%
8/26/2021,"36,482.00","36,438.00","36,832.00","36,175.00",1.77M,0.48%
8/25/2021,"36,307.00","35,869.00","36,394.00","35,869.00",1.45M,1.34%
8/24/2021,"35,826.00","36,132.00","36,307.00","35,476.00",2.59M,0.49%
8/23/2021,"35,651.00","35,257.00","36,219.00","35,082.00",2.67M,-0.37%
8/20/2021,"35,782.00","36,919.00","37,007.00","34,994.00",5.70M,-2.85%
8/19/2021,"36,832.00","36,613.00","37,094.00","36,525.00",2.71M,0.24%
8/18/2021,"36,744.00","36,875.00","37,794.00","36,307.00",5.07M,-0.59%
8/17/2021,"36,963.00","37,619.00","37,881.00","36,832.00",5.19M,-2.87%
8/16/2021,"38,056.00","38,406.00","39,106.00","37,969.00",3.77M,0.11%
8/13/2021,"38,013.00","37,007.00","38,013.00","36,657.00",4.98M,2.23%
8/12/2021,"37,182.00","36,919.00","38,056.00","36,832.00",5.60M,-0.12%
8/11/2021,"37,225.00","38,669.00","39,019.00","37,182.00",7.74M,-4.17%
8/10/2021,"38,844.00","39,019.00","39,019.00","38,581.00",2.44M,-0.45%
8/9/2021,"39,019.00","38,231.00","39,369.00","38,231.00",4.31M,1.83%
8/6/2021,"38,319.00","38,144.00","39,631.00","38,056.00",5.50M,0.00%
8/5/2021,"38,319.00","37,794.00","38,319.00","37,794.00",3.12M,0.57%
8/4/2021,"38,100.00","37,881.00","38,931.00","37,619.00",3.61M,0.23%
8/3/2021,"38,013.00","37,444.00","38,013.00","37,225.00",5.42M,1.76%
8/2/2021,"37,357.00","37,619.00","37,969.00","37,182.00",4.33M,-2.29%
7/30/2021,"38,231.00","36,744.00","38,231.00","36,569.00",6.48M,4.05%
7/29/2021,"36,744.00","36,307.00","36,744.00","35,957.00",4.69M,1.45%
7/28/2021,"36,219.00","35,957.00","36,657.00","35,869.00",2.53M,-0.24%
7/27/2021,"36,307.00","36,700.00","36,919.00","35,913.00",5.60M,-1.31%
7/26/2021,"36,788.00","34,557.00","37,007.00","34,295.00",4.74M,6.19%
7/23/2021,"34,644.00","34,994.00","35,826.00","34,644.00",3.81M,-1.00%
7/22/2021,"34,994.00","33,201.00","35,388.00","33,026.00",7.98M,4.85%
7/21/2021,"33,376.00","33,245.00","33,638.00","32,851.00",1.40M,0.13%
7/20/2021,"33,332.00","32,589.00","33,332.00","32,589.00",1.32M,1.60%
7/19/2021,"32,807.00","31,932.00","33,638.00","31,932.00",3.96M,0.81%
7/16/2021,"32,545.00","32,195.00","32,764.00","32,195.00",1.49M,1.36%
7/15/2021,"32,107.00","32,151.00","32,545.00","31,845.00",1.57M,-0.81%
7/14/2021,"32,370.00","32,370.00","32,501.00","31,582.00",1.10M,-0.14%
7/13/2021,"32,414.00","32,282.00","32,414.00","31,932.00",1.86M,0.14%
7/12/2021,"32,370.00","33,157.00","33,157.00","31,364.00",2.66M,-2.63%
7/9/2021,"33,245.00","33,245.00","33,245.00","32,195.00",1.97M,0.40%
7/8/2021,"33,113.00","32,632.00","33,420.00","32,545.00",1.96M,1.47%
7/7/2021,"32,632.00","33,070.00","33,245.00","32,064.00",3.04M,-1.32%
7/6/2021,"33,070.00","34,120.00","34,251.00","33,070.00",3.12M,-2.70%
7/5/2021,"33,988.00","34,382.00","34,426.00","33,682.00",2.14M,-1.40%
7/2/2021,"34,469.00","34,469.00","34,907.00","34,207.00",1.97M,0.00%
7/1/2021,"34,469.00","34,207.00","34,557.00","34,120.00",2.60M,1.02%
6/30/2021,"34,120.00","34,251.00","34,819.00","34,120.00",2.16M,0.52%
6/29/2021,"33,945.00","33,420.00","34,032.00","33,420.00",1.98M,1.57%
6/28/2021,"33,420.00","33,770.00","33,770.00","33,245.00",2.77M,-0.78%
6/25/2021,"33,682.00","33,507.00","33,857.00","33,507.00",1.63M,-0.26%
6/24/2021,"33,770.00","33,770.00","34,163.00","33,420.00",1.87M,0.00%
6/23/2021,"33,770.00","34,469.00","34,469.00","33,507.00",3.70M,-2.03%
6/22/2021,"34,469.00","35,169.00","35,169.00","34,469.00",1.94M,-0.88%
6/21/2021,"34,776.00","34,907.00","35,519.00","34,732.00",3.15M,-0.38%
6/18/2021,"34,907.00","34,120.00","34,951.00","34,032.00",5.34M,2.97%
6/17/2021,"33,901.00","33,595.00","34,557.00","33,245.00",2.14M,0.00%
6/16/2021,"33,901.00","34,295.00","34,513.00","33,857.00",2.24M,-1.27%
6/15/2021,"34,338.00","33,945.00","34,557.00","33,726.00",2.51M,0.90%
6/14/2021,"34,032.00","34,207.00","34,557.00","33,682.00",3.47M,-0.38%
6/11/2021,"34,163.00","33,726.00","34,513.00","33,595.00",2.55M,1.43%
6/10/2021,"33,682.00","33,332.00","33,770.00","33,157.00",2.96M,0.78%
6/9/2021,"33,420.00","32,807.00","33,420.00","32,020.00",4.40M,1.87%
6/8/2021,"32,807.00","33,945.00","34,557.00","32,764.00",4.99M,-2.85%
6/7/2021,"33,770.00","35,169.00","35,169.00","33,245.00",3.97M,-3.98%
6/4/2021,"35,169.00","36,307.00","36,394.00","34,994.00",4.41M,-1.95%
6/3/2021,"35,869.00","35,869.00","36,307.00","35,344.00",3.39M,0.00%
6/2/2021,"35,869.00","35,519.00","36,307.00","34,994.00",4.07M,0.12%
6/1/2021,"35,826.00","34,163.00","36,482.00","34,163.00",6.35M,5.00%
5/31/2021,"34,120.00","33,420.00","34,207.00","33,070.00",4.67M,2.09%
5/28/2021,"33,420.00","33,332.00","33,682.00","33,070.00",3.78M,0.26%
5/27/2021,"33,332.00","33,945.00","34,557.00","33,288.00",5.54M,-1.42%
5/26/2021,"33,813.00","33,507.00","34,338.00","33,157.00",2.64M,0.13%
5/25/2021,"33,770.00","33,595.00","34,032.00","33,376.00",4.72M,1.58%
5/24/2021,"33,245.00","33,157.00","33,638.00","32,545.00",13.78M,2.56%
5/21/2021,"32,414.00","32,020.00","32,764.00","32,020.00",3.10M,0.41%
5/20/2021,"32,282.00","32,370.00","32,982.00","32,239.00",1.87M,-0.27%
5/19/2021,"32,370.00","31,407.00","32,370.00","30,795.00",3.00M,2.78%
5/18/2021,"31,495.00","31,889.00","32,326.00","31,495.00",3.47M,-0.86%
5/17/2021,"31,768.00","32,892.00","32,935.00","31,725.00",5.16M,-3.67%
5/14/2021,"32,978.00","33,281.00","33,799.00","32,935.00",2.86M,-0.91%
5/13/2021,"33,281.00","34,145.00","34,318.00","33,281.00",1.89M,-2.90%
5/12/2021,"34,275.00","33,454.00","34,491.00","33,454.00",2.05M,2.99%
5/11/2021,"33,281.00","33,626.00","34,837.00","33,021.00",4.91M,-1.03%
5/10/2021,"33,626.00","33,540.00","33,972.00","33,108.00",1.91M,0.26%
5/7/2021,"33,540.00","32,848.00","33,713.00","32,416.00",3.02M,1.04%
5/6/2021,"33,194.00","32,935.00","33,972.00","32,503.00",3.48M,0.00%
5/5/2021,"33,194.00","33,281.00","33,626.00","32,935.00",2.17M,-0.26%
5/4/2021,"33,281.00","30,947.00","33,367.00","30,947.00",4.64M,6.06%
4/29/2021,"31,379.00","30,687.00","31,854.00","30,515.00",7.94M,2.83%
4/28/2021,"30,515.00","30,212.00","30,687.00","29,866.00",1.42M,0.86%
4/27/2021,"30,255.00","30,082.00","30,255.00","29,693.00",1.24M,0.00%
4/26/2021,"30,255.00","30,515.00","30,601.00","30,082.00",2.31M,0.14%
4/23/2021,"30,212.00","29,218.00","30,428.00","28,872.00",1.78M,2.49%
4/22/2021,"29,477.00","30,082.00","30,169.00","29,391.00",1.47M,-1.73%
4/20/2021,"29,996.00","30,212.00","30,255.00","29,391.00",1.72M,0.58%
4/19/2021,"29,823.00","29,434.00","30,515.00","29,434.00",2.01M,0.88%
4/16/2021,"29,564.00","29,477.00","29,996.00","29,045.00",2.28M,-1.30%
4/15/2021,"29,953.00","30,601.00","30,601.00","29,823.00",2.51M,-1.98%
4/14/2021,"30,558.00","30,169.00","30,687.00","30,126.00",1.54M,0.14%
4/13/2021,"30,515.00","31,292.00","31,552.00","30,515.00",1.05M,-2.48%
4/12/2021,"31,292.00","30,515.00","31,725.00","30,255.00",3.85M,3.87%
4/9/2021,"30,126.00","29,909.00","30,126.00","29,909.00",1.08M,0.15%
4/8/2021,"30,082.00","29,909.00","30,255.00","29,823.00",993.60K,-0.57%
4/7/2021,"30,255.00","30,169.00","30,255.00","29,909.00",1.14M,0.00%
4/6/2021,"30,255.00","30,515.00","30,515.00","29,996.00",666.10K,-0.85%
4/5/2021,"30,515.00","30,687.00","30,774.00","30,082.00",1.43M,-0.56%
4/2/2021,"30,687.00","30,687.00","30,860.00","30,342.00",950.40K,0.28%
4/1/2021,"30,601.00","30,169.00","30,687.00","30,169.00",1.52M,1.14%
3/31/2021,"30,255.00","30,082.00","30,255.00","29,823.00",909.50K,0.58%
3/30/2021,"30,082.00","29,737.00","30,255.00","29,737.00",981.50K,0.00%
3/29/2021,"30,082.00","29,607.00","30,082.00","29,218.00",1.40M,2.05%
3/26/2021,"29,477.00","29,520.00","29,693.00","28,526.00",1.49M,-0.58%
3/25/2021,"29,650.00","29,477.00","29,823.00","29,391.00",1.17M,0.59%
3/24/2021,"29,477.00","29,391.00","30,082.00","29,391.00",1.15M,-3.32%
3/23/2021,"30,489.10","31,013.30","31,013.30","30,445.40",869.08K,-1.69%
3/22/2021,"31,013.30","31,100.60","31,275.40","30,794.90",1.20M,-0.14%
3/19/2021,"31,057.00","30,052.30","31,362.70","30,008.60",1.31M,4.10%
3/18/2021,"29,833.90","30,751.20","30,794.90","29,833.90",1.97M,-2.01%
3/17/2021,"30,445.40","30,620.10","30,925.90","30,401.70",1.10M,-1.55%
3/16/2021,"30,925.90","31,100.60","31,362.70","30,620.10",741.41K,-0.70%
3/15/2021,"31,144.30","31,450.10","31,537.40","31,144.30",919.16K,-1.25%
3/12/2021,"31,537.40","31,013.30","31,930.60","30,576.50",2.11M,1.69%
3/11/2021,"31,013.30","30,751.20","31,188.00","30,620.10",1.05M,2.01%
3/10/2021,"30,401.70","30,576.50","30,751.20","29,702.90",2.04M,-0.14%
3/9/2021,"30,445.40","30,576.50","31,013.30","30,227.00",1.76M,-2.11%
3/8/2021,"31,100.60","31,013.30","31,362.70","30,838.60",1.90M,0.28%
3/5/2021,"31,013.30","31,100.60","31,450.10","30,663.80",1.63M,-0.70%
3/4/2021,"31,231.70","31,799.50","31,799.50","30,139.70",1.99M,-1.24%
3/3/2021,"31,624.80","31,362.70","31,799.50","31,188.00",2.04M,0.84%
3/2/2021,"31,362.70","32,323.70","32,498.40","31,100.60",2.33M,-2.71%
3/1/2021,"32,236.30","31,624.80","32,236.30","31,188.00",2.33M,1.93%
2/26/2021,"31,624.80","29,702.90","32,017.90","29,702.90",1.82M,-0.41%
2/25/2021,"31,755.80","31,624.80","32,105.30","31,319.00",2.17M,1.68%
2/24/2021,"31,231.70","31,450.10","32,323.70","30,838.60",2.46M,-0.97%
2/23/2021,"31,537.40","31,450.10","31,755.80","31,275.40",2.13M,0.42%
2/22/2021,"31,406.40","31,843.20","32,017.90","31,406.40",2.05M,-1.91%
2/19/2021,"32,017.90","32,149.00","32,323.70","31,712.20",2.03M,-0.95%
2/18/2021,"32,323.70","31,013.30","32,629.50","30,227.00",3.68M,5.71%
2/17/2021,"30,576.50","29,353.40","30,707.50","29,353.40",2.75M,4.79%
2/9/2021,"29,178.70","28,217.70","29,528.10","27,431.50",2.85M,3.41%
2/8/2021,"28,217.70","29,964.90","30,183.30","28,217.70",1.42M,-6.38%
2/5/2021,"30,139.70","28,392.40","30,183.30","28,392.40",1.44M,6.15%
2/4/2021,"28,392.40","28,741.90","28,916.60","27,955.60",845.76K,0.00%
2/3/2021,"28,392.40","28,392.40","29,266.00","27,955.60",1.55M,1.40%
2/2/2021,"27,999.30","27,344.10","28,479.80","26,863.60",1.42M,0.16%
2/1/2021,"27,955.60","28,392.40","28,479.80","27,082.00",1.87M,-1.54%
1/29/2021,"28,392.40","26,732.60","29,004.00","26,732.60",2.22M,2.69%
1/28/2021,"27,649.90","27,955.60","28,392.40","27,649.90",1.88M,-6.91%
1/27/2021,"29,702.90","28,916.60","30,794.90","28,916.60",2.58M,0.30%
1/26/2021,"29,615.50","30,751.20","31,450.10","29,528.10",2.39M,-3.69%
1/25/2021,"30,751.20","29,615.50","30,969.60","29,353.40",5.04M,3.68%
1/22/2021,"29,659.20","28,829.20","29,790.20","28,479.80",2.63M,3.82%
1/21/2021,"28,567.20","28,130.40","29,178.70","27,300.40",1.70M,2.83%
1/20/2021,"27,780.90","27,868.30","28,217.70","26,557.80",817.35K,-0.31%
1/19/2021,"27,868.30","28,829.20","29,266.00","26,819.90",2.38M,-3.33%
1/18/2021,"28,829.20","29,353.40","29,397.10","27,475.10",1.09M,-1.79%
1/15/2021,"29,353.40","28,785.60","29,702.90","28,785.60",1.48M,1.97%
1/14/2021,"28,785.60","28,392.40","29,266.00","28,217.70",1.72M,-0.15%
1/13/2021,"28,829.20","29,528.10","29,571.80","28,305.10",2.50M,-2.94%
1/12/2021,"29,702.90","30,139.70","30,401.70","29,266.00",1.17M,-1.16%
1/11/2021,"30,052.30","28,829.20","30,751.20","28,741.90",2.41M,4.24%
1/8/2021,"28,829.20","29,266.00","29,266.00","28,436.10",1.17M,-1.20%
1/7/2021,"29,178.70","27,824.60","29,440.80","27,344.10",1.87M,4.87%
1/6/2021,"27,824.60","26,121.00","27,824.60","26,121.00",2.78M,6.88%
1/5/2021,"26,033.70","25,727.90","26,033.70","25,727.90",1.28M,0.17%
1/4/2021,"25,990.00","25,684.20","26,077.40","25,596.90",1.27M,0.85%
12/31/2020,"25,771.60","25,815.30","25,859.00","25,640.60",792.91K,-0.17%
12/30/2020,"25,815.30","26,557.80","26,557.80","25,771.60",1.12M,0.17%
12/29/2020,"25,771.60","25,334.80","26,121.00","25,334.80",2.21M,1.37%
12/28/2020,"25,422.10","25,596.90","25,684.20","25,334.80",1.08M,-0.34%
12/25/2020,"25,509.50","25,553.20","25,553.20","25,116.40",883.31K,-0.17%
12/24/2020,"25,553.20","25,859.00","25,859.00","25,160.10",1.11M,-0.85%
12/23/2020,"25,771.60","25,684.20","25,990.00","25,553.20",1.29M,0.51%
12/22/2020,"25,640.60","25,596.90","25,684.20","25,334.80",1.59M,0.00%
12/21/2020,"25,640.60","25,684.20","25,684.20","25,509.50",1.61M,0.00%
12/18/2020,"25,640.60","25,465.80","25,684.20","25,247.40",1.38M,1.21%
12/17/2020,"25,334.80","25,422.10","25,509.50","24,898.00",1.87M,-0.68%
12/16/2020,"25,509.50","25,596.90","25,684.20","25,465.80",1.25M,0.00%
12/15/2020,"25,509.50","25,334.80","25,596.90","25,291.10",971.16K,0.17%
12/14/2020,"25,465.80","25,465.80","25,727.90","25,291.10",1.87M,0.70%
12/11/2020,"25,288.50","25,288.50","25,374.50","25,030.40",1.10M,0.00%
12/10/2020,"25,288.50","25,331.50","25,374.50","25,030.40",1.20M,0.34%
12/9/2020,"25,202.50","24,901.40","25,374.50","24,901.40",1.31M,0.51%
12/8/2020,"25,073.50","25,116.50","25,116.50","24,858.40",1.46M,-0.17%
12/7/2020,"25,116.50","25,460.50","25,460.50","24,858.40",1.00M,-1.02%
12/4/2020,"25,374.50","25,460.50","25,460.50","25,202.50",1.26M,-0.17%
12/3/2020,"25,417.50","25,374.50","25,589.50","25,202.50",776.36K,0.17%
12/2/2020,"25,374.50","25,116.50","25,460.50","24,772.40",1.72M,1.03%
12/1/2020,"25,116.50","24,127.30","25,116.50","24,127.30",972.00K,1.39%
11/30/2020,"24,772.40","24,729.40","25,073.50","24,686.40",1.15M,0.52%
11/27/2020,"24,643.40","24,471.30","24,729.40","24,428.30",871.73K,0.88%
11/26/2020,"24,428.30","24,428.30","24,471.30","24,213.30",882.85K,0.18%
11/25/2020,"24,385.30","24,514.40","24,514.40","24,256.30",711.85K,-0.18%
11/24/2020,"24,428.30","24,600.40","24,600.40","24,342.30",675.63K,-0.70%
11/23/2020,"24,600.40","24,557.40","24,600.40","24,342.30",914.61K,0.53%
11/20/2020,"24,471.30","24,170.30","24,471.30","23,654.20",1.52M,1.25%
11/19/2020,"24,170.30","24,643.40","24,643.40","24,170.30",1.16M,-1.58%
11/18/2020,"24,557.40","24,643.40","24,643.40","24,428.30",835.90K,-0.17%
11/17/2020,"24,600.40","24,514.40","24,686.40","24,385.30",1.02M,0.70%
11/16/2020,"24,428.30","24,213.30","24,471.30","24,213.30",738.41K,0.00%
11/13/2020,"24,428.30","24,428.30","24,471.30","24,170.30",683.90K,0.71%
11/12/2020,"24,256.30","24,170.30","24,342.30","24,041.30",585.59K,0.36%
11/11/2020,"24,170.30","23,396.20","24,213.30","23,353.10",1.36M,2.93%
11/10/2020,"23,482.20","23,482.20","23,525.20","23,310.10",914.74K,0.18%
11/9/2020,"23,439.20","23,396.20","23,439.20","23,224.10",1.10M,0.18%
11/6/2020,"23,396.20","23,482.20","23,482.20","23,224.10",684.49K,-0.37%
11/5/2020,"23,482.20","23,267.10","23,568.20","23,224.10",672.03K,0.74%
11/4/2020,"23,310.10","23,224.10","23,654.20","23,224.10",1.05M,-0.37%
11/3/2020,"23,396.20","23,310.10","23,396.20","23,181.10",872.22K,0.37%
11/2/2020,"23,310.10","23,482.20","23,482.20","23,224.10",630.80K,-0.37%
10/30/2020,"23,396.20","23,310.10","23,396.20","23,138.10",991.82K,0.74%
10/29/2020,"23,224.10","23,052.10","23,224.10","22,966.10",1.13M,0.75%
10/28/2020,"23,052.10","23,009.10","23,267.10","22,837.10",1.37M,0.37%
10/27/2020,"22,966.10","23,009.10","23,138.10","22,751.00",686.01K,-0.19%
10/26/2020,"23,009.10","22,880.10","23,138.10","22,751.00",911.02K,0.00%
10/23/2020,"23,009.10","22,966.10","23,052.10","22,751.00",526.39K,0.75%
10/22/2020,"22,837.10","22,966.10","23,052.10","22,708.00",519.60K,-0.93%
10/21/2020,"23,052.10","23,396.20","23,568.20","23,052.10",891.57K,-0.92%
10/20/2020,"23,267.10","23,224.10","23,267.10","22,966.10",279.53K,0.19%
10/19/2020,"23,224.10","22,837.10","23,310.10","22,837.10",1.32M,1.69%
10/16/2020,"22,837.10","22,794.00","22,923.10","22,708.00",1.01M,0.19%
10/15/2020,"22,794.00","22,794.00","22,966.10","22,708.00",832.69K,0.00%
10/14/2020,"22,794.00","22,880.10","22,880.10","22,751.00",503.92K,-0.38%
10/13/2020,"22,880.10","22,794.00","22,880.10","22,708.00",716.57K,0.38%
10/12/2020,"22,794.00","22,923.10","22,923.10","22,536.00",931.76K,-0.56%
10/9/2020,"22,923.10","22,794.00","22,923.10","22,622.00",959.27K,0.57%
10/8/2020,"22,794.00","22,837.10","22,923.10","22,708.00",937.79K,-0.19%
10/7/2020,"22,837.10","22,622.00","22,880.10","22,536.00",740.97K,0.57%
10/6/2020,"22,708.00","22,966.10","23,052.10","22,364.00",943.46K,-0.38%
10/5/2020,"22,794.00","22,708.00","23,009.10","22,364.00",1.37M,1.92%
10/2/2020,"22,364.00","22,708.00","22,708.00","22,148.90",727.62K,-0.95%
10/1/2020,"22,579.00","22,191.90","22,751.00","22,019.90",1.23M,1.94%
9/30/2020,"22,148.90","22,019.90","22,191.90","21,890.90",666.65K,0.59%
9/29/2020,"22,019.90","22,191.90","22,191.90","21,503.80",959.22K,0.00%
9/28/2020,"22,019.90","21,890.90","22,062.90","21,847.90",1.10M,0.39%
9/25/2020,"21,933.90","22,105.90","22,105.90","21,804.90",1.04M,0.00%
9/24/2020,"21,933.90","22,062.90","22,321.00","21,847.90",826.48K,-0.57%
9/23/2020,"22,059.20","22,294.70","22,294.70","22,020.00",956.81K,0.00%
9/22/2020,"22,059.20","21,980.70","22,137.70","21,823.70",1.16M,0.36%
9/21/2020,"21,980.70","22,373.20","22,491.00","21,902.20",1.12M,-1.75%
9/18/2020,"22,373.20","22,137.70","22,373.20","22,059.20",660.56K,1.06%
9/17/2020,"22,137.70","22,373.20","22,373.20","22,059.20",657.43K,-0.70%
9/16/2020,"22,294.70","22,294.70","22,334.00","22,020.00",1.73M,0.53%
9/15/2020,"22,177.00","21,980.70","22,334.00","21,941.50",1.28M,1.07%
9/14/2020,"21,941.50","22,177.00","22,177.00","21,823.70",1.45M,-0.18%
9/11/2020,"21,980.70","21,588.20","22,098.50","21,470.50",1.88M,1.82%
9/10/2020,"21,588.20","21,549.00","21,627.50","21,392.00",1.31M,0.36%
9/9/2020,"21,509.70","21,588.20","21,588.20","21,274.20",632.90K,-0.36%
9/8/2020,"21,588.20","21,666.70","21,666.70","21,274.20",1.20M,-0.36%
9/7/2020,"21,666.70","21,666.70","21,823.70","21,431.20",1.07M,0.00%
9/4/2020,"21,666.70","21,352.70","21,666.70","21,274.20",1.08M,0.55%
9/3/2020,"21,549.00","21,941.50","21,941.50","21,470.50",1.68M,-0.72%
9/1/2020,"21,706.00","21,509.70","21,745.20","21,509.70",750.31K,0.18%
8/31/2020,"21,666.70","21,902.20","21,902.20","21,549.00",1.97M,-1.08%
8/28/2020,"21,902.20","21,666.70","21,980.70","21,588.20",1.18M,1.09%
8/27/2020,"21,666.70","21,627.50","21,980.70","21,549.00",1.87M,0.55%
8/26/2020,"21,549.00","21,352.70","21,627.50","21,313.50",2.50M,0.37%
8/25/2020,"21,470.50","21,352.70","21,706.00","21,313.50",1.40M,0.00%
8/24/2020,"21,470.50","21,392.00","21,588.20","21,274.20",1.77M,0.55%
8/21/2020,"21,352.70","21,117.20","21,431.20","21,117.20",2.02M,1.12%
8/20/2020,"21,117.20","20,999.40","21,195.70","20,920.90",1.12M,0.56%
8/19/2020,"20,999.40","20,763.90","21,038.70","20,567.70",1.38M,1.33%
8/18/2020,"20,724.70","20,685.40","20,724.70","20,489.20",1.02M,0.00%
8/17/2020,"20,724.70","20,803.20","20,803.20","20,489.20",1.19M,-0.38%
8/14/2020,"20,803.20","21,038.70","21,038.70","20,567.70",1.88M,-1.12%
8/13/2020,"21,038.70","21,038.70","21,038.70","20,724.70",1.44M,0.00%
8/12/2020,"21,038.70","20,960.20","21,078.00","20,803.20",1.59M,0.37%
8/11/2020,"20,960.20","20,960.20","21,078.00","20,567.70",1.76M,0.38%
8/10/2020,"20,881.70","20,292.90","20,920.90","20,253.70",3.94M,2.90%
8/7/2020,"20,292.90","20,135.90","20,292.90","19,978.90",1.09M,0.78%
8/6/2020,"20,135.90","20,096.70","20,135.90","19,900.40",1.81M,0.20%
8/5/2020,"20,096.70","19,939.70","20,214.40","19,704.20",1.75M,1.19%
8/4/2020,"19,861.20","19,978.90","20,018.20","19,782.70",345.16K,0.00%
8/3/2020,"19,861.20","19,625.70","19,939.70","19,390.10",472.89K,1.20%
7/31/2020,"19,625.70","19,782.70","20,018.20","19,468.60",1.47M,-1.19%
7/30/2020,"19,861.20","19,782.70","19,939.70","19,547.20",1.13M,0.40%
7/29/2020,"19,782.70","20,096.70","20,253.70","19,468.60",1.09M,-1.56%
7/28/2020,"20,096.70","19,939.70","20,135.90","19,390.10",1.02M,0.79%
7/27/2020,"19,939.70","19,625.70","20,214.40","19,547.20",1.42M,-1.17%
7/24/2020,"20,175.20","19,978.90","20,292.90","19,390.10",3.00M,0.98%
7/23/2020,"19,978.90","19,939.70","20,018.20","19,704.20",1.09M,0.20%
7/22/2020,"19,939.70","19,625.70","20,018.20","19,625.70",618.03K,0.40%
7/21/2020,"19,861.20","19,782.70","19,861.20","19,547.20",907.80K,0.40%
7/20/2020,"19,782.70","19,900.40","19,900.40","19,586.40",604.38K,-0.59%
7/17/2020,"19,900.40","19,664.90","19,900.40","19,547.20",397.78K,0.80%
7/16/2020,"19,743.40","19,939.70","20,018.20","19,664.90",503.51K,-1.18%
7/15/2020,"19,978.90","20,214.40","20,214.40","19,782.70",414.72K,-0.20%
7/14/2020,"20,018.20","19,861.20","20,018.20","19,625.70",1.48M,0.00%
7/13/2020,"20,018.20","20,292.90","20,332.20","19,821.90",1.29M,-1.35%
7/10/2020,"20,292.90","20,332.20","20,332.20","19,861.20",1.64M,-0.19%
7/9/2020,"20,332.20","19,782.70","20,332.20","19,625.70",2.47M,2.78%
7/8/2020,"19,782.70","19,782.70","19,978.90","19,547.20",1.04M,-0.79%
7/7/2020,"19,939.70","20,096.70","20,096.70","19,625.70",946.26K,-0.20%
7/6/2020,"19,978.90","20,018.20","20,057.40","19,782.70",1.08M,0.39%
7/3/2020,"19,900.40","19,939.70","20,018.20","19,625.70",2.35M,0.59%
7/2/2020,"19,782.70","19,704.20","19,939.70","19,390.10",1.26M,1.20%
7/1/2020,"19,547.20","19,233.10","19,625.70","19,115.40",1.29M,1.63%
6/30/2020,"19,233.10","19,586.40","19,586.40","18,997.60",685.60K,-0.81%
6/29/2020,"19,390.10","19,704.20","19,704.20","19,154.60",869.09K,-1.59%
6/26/2020,"19,704.20","19,547.20","19,743.40","19,350.90",1.10M,1.21%
6/25/2020,"19,468.60","19,233.10","19,468.60","18,840.60",2.40M,0.81%
6/24/2020,"19,311.60","19,625.70","19,625.70","19,311.60",1.51M,-1.60%
6/23/2020,"19,625.70","19,900.40","19,900.40","19,468.60",2.86M,-1.38%
6/22/2020,"19,900.40","19,939.70","19,978.90","19,586.40",1.03M,-0.20%
6/19/2020,"19,939.70","19,390.10","20,018.20","19,311.60",2.80M,2.01%
6/18/2020,"19,547.20","19,547.20","19,547.20","19,272.40",641.84K,0.00%
6/17/2020,"19,547.20","19,625.70","19,625.70","19,272.40",889.11K,0.00%
6/16/2020,"19,547.20","19,547.20","19,547.20","18,997.60",795.73K,0.81%
6/15/2020,"19,390.10","19,625.70","19,782.70","18,840.60",1.96M,-1.20%
6/12/2020,"19,625.70","19,233.10","19,625.70","18,605.10",1.62M,0.00%
6/11/2020,"19,625.70","20,096.70","20,410.70","19,233.10",3.12M,-2.34%
6/10/2020,"20,096.70","19,076.10","20,175.20","18,879.90",4.27M,5.35%
6/9/2020,"19,076.10","19,076.10","19,350.90","18,722.90",2.01M,0.21%
6/8/2020,"19,036.90","19,036.90","19,233.10","18,762.10",1.67M,0.00%
6/5/2020,"19,036.90","18,840.60","19,036.90","18,448.10",991.29K,1.80%
6/4/2020,"18,700.10","18,161.40","18,854.00","17,930.60",1.86M,2.97%
6/3/2020,"18,161.40","18,122.90","18,238.40","18,007.50",790.68K,-1.02%
6/2/2020,"18,348.20","18,465.10","18,543.00","17,686.00",1.33M,0.00%
6/1/2020,"18,348.20","18,075.50","18,465.10","18,075.50",929.67K,1.51%
5/29/2020,"18,075.50","18,192.40","18,192.40","17,880.80",1.16M,-0.64%
5/28/2020,"18,192.40","18,075.50","18,270.30","17,997.60",975.70K,0.86%
5/27/2020,"18,036.60","18,387.20","18,698.80","18,036.60",1.20M,-1.91%
5/26/2020,"18,387.20","18,231.40","18,582.00","17,958.70",1.28M,2.39%
5/25/2020,"17,958.70","18,231.40","18,231.40","17,919.70",497.62K,0.22%
5/22/2020,"17,919.70","18,387.20","18,465.10","17,880.80",985.22K,-2.54%
5/21/2020,"18,387.20","18,075.50","18,582.00","18,075.50",1.44M,-0.42%
5/20/2020,"18,465.10","18,620.90","18,620.90","18,153.50",1.01M,-0.84%
5/19/2020,"18,620.90","18,543.00","18,698.80","18,075.50",1.39M,1.70%
5/18/2020,"18,309.30","18,854.70","18,854.70","17,841.80",1.45M,-2.89%
5/15/2020,"18,854.70","19,244.20","19,244.20","17,919.70",2.84M,-2.02%
5/14/2020,"19,244.20","18,932.60","19,244.20","18,932.60",1.03M,0.20%
5/13/2020,"19,205.30","18,932.60","19,555.90","18,426.20",1.99M,1.44%
5/12/2020,"18,932.60","18,543.00","18,932.60","17,919.70",1.83M,2.97%
5/11/2020,"18,387.20","18,309.30","18,465.10","17,763.90",1.28M,2.61%
5/8/2020,"17,919.70","17,413.30","18,036.60","17,140.60",1.79M,3.14%
5/7/2020,"17,374.30","17,491.20","17,491.20","17,140.60",932.74K,-0.67%
5/6/2020,"17,491.20","17,530.20","17,530.20","17,257.50",408.72K,0.22%
5/5/2020,"17,452.30","17,374.30","17,763.90","17,140.60",465.46K,-0.44%
5/4/2020,"17,530.20","17,530.20","17,569.10","17,140.60",2.09M,0.00%
4/29/2020,"17,530.20","16,829.00","17,530.20","16,634.20",1.19M,4.17%
4/28/2020,"16,829.00","16,751.00","16,829.00","16,439.40",453.74K,0.70%
4/27/2020,"16,712.10","16,867.90","16,906.90","16,517.30",501.21K,-0.69%
4/24/2020,"16,829.00","16,751.00","16,906.90","16,634.20",857.04K,-0.23%
4/23/2020,"16,867.90","16,984.80","16,984.80","16,673.10",1.09M,0.46%
4/22/2020,"16,790.00","16,478.40","16,829.00","16,439.40",762.60K,0.23%
4/21/2020,"16,751.00","16,751.00","16,829.00","16,205.70",1.77M,-1.38%
4/20/2020,"16,984.80","16,439.40","17,140.60","16,439.40",1.43M,2.35%
4/17/2020,"16,595.20","16,361.50","16,634.20","16,283.60",849.97K,1.43%
4/16/2020,"16,361.50","16,634.20","16,634.20","16,205.70",764.71K,-1.64%
4/15/2020,"16,634.20","16,205.70","16,673.10","16,166.70",762.38K,3.14%
4/14/2020,"16,127.80","16,595.20","16,829.00","15,660.30",1.94M,-3.27%
4/13/2020,"16,673.10","16,867.90","16,906.90","16,673.10",1.11M,-1.15%
4/10/2020,"16,867.90","16,867.90","16,984.80","16,517.30",1.91M,0.23%
4/9/2020,"16,829.00","16,673.10","16,984.80","16,673.10",1.23M,1.89%
4/8/2020,"16,517.30","15,971.90","16,517.30","15,699.20",1.71M,3.41%
4/7/2020,"15,971.90","15,582.40","15,971.90","15,387.60",2.47M,2.50%
4/6/2020,"15,582.40","15,933.00","15,971.90","15,426.50",1.45M,0.00%
4/3/2020,"15,582.40","16,205.70","16,205.70","15,504.50",1.64M,-3.85%
4/1/2020,"16,205.70","15,582.40","16,205.70","15,037.00",853.20K,4.00%
3/31/2020,"15,582.40","15,114.90","15,894.00","14,374.70",1.19M,1.52%
3/30/2020,"15,348.60","15,192.80","15,582.40","14,725.30",738.29K,-2.96%
3/27/2020,"15,816.10","15,971.90","16,127.80","15,309.70",787.35K,-0.98%
3/26/2020,"15,971.90","15,387.60","16,439.40","15,114.90",1.73M,3.80%
3/25/2020,"15,387.60","14,764.30","15,387.60","14,491.60",2.41M,6.76%
3/24/2020,"14,413.70","14,180.00","14,413.70","13,790.40",1.43M,-2.63%
3/23/2020,"14,803.30","15,894.00","15,894.00","14,803.30",447.48K,-6.86%
3/20/2020,"15,894.00","16,244.60","16,244.60","15,699.20",439.90K,-2.86%
3/19/2020,"16,361.50","16,673.10","16,673.10","15,543.40",1.03M,-1.87%
3/18/2020,"16,673.10","17,140.60","17,452.30","16,127.80",851.50K,-3.17%
3/17/2020,"17,218.50","15,971.90","17,218.50","15,971.90",709.09K,0.45%
3/16/2020,"17,140.60","18,153.50","18,153.50","17,101.70",1.05M,-6.78%
3/13/2020,"18,387.20","16,049.80","18,387.20","16,049.80",1.07M,6.79%
3/12/2020,"17,218.50","17,686.00","17,919.70","17,062.70",919.16K,-5.96%
3/11/2020,"18,309.30","19,166.30","19,244.20","17,686.00",630.18K,-3.09%
3/10/2020,"18,893.60","18,698.80","19,400.10","18,698.80",570.18K,-0.61%
3/9/2020,"19,010.50","19,322.10","19,789.60","19,010.50",529.65K,-6.87%
3/6/2020,"20,412.90","20,335.00","20,451.90","20,179.20",645.14K,-0.19%
3/5/2020,"20,451.90","20,140.20","20,646.60","20,062.30",957.70K,1.74%
3/4/2020,"20,101.30","19,945.40","20,140.20","19,711.70",389.66K,0.00%
3/3/2020,"20,101.30","20,062.30","20,218.10","19,984.40",606.03K,0.78%
3/2/2020,"19,945.40","19,555.90","19,945.40","19,244.20",692.52K,2.40%
2/28/2020,"19,478.00","19,400.10","19,633.80","19,322.10",337.38K,-1.19%
2/27/2020,"19,711.70","19,049.40","19,750.70","19,049.40",564.64K,2.43%
2/26/2020,"19,244.20","19,088.40","19,672.70","18,854.70",431.49K,-1.00%
2/25/2020,"19,439.00","18,776.80","19,439.00","18,659.90",870.01K,1.42%
2/24/2020,"19,166.30","19,828.60","20,140.20","19,166.30",621.18K,-5.38%
2/21/2020,"20,257.10","20,257.10","20,257.10","19,906.50",836.39K,0.00%
2/20/2020,"20,257.10","20,763.50","20,763.50","20,101.30",623.57K,-1.14%
2/19/2020,"20,490.80","20,218.10","20,568.70","19,906.50",1.21M,0.38%
2/18/2020,"20,412.90","20,802.50","20,919.30","20,101.30",828.81K,-2.24%
2/17/2020,"20,880.40","21,036.20","21,036.20","20,646.60",372.99K,-0.37%
2/14/2020,"20,958.30","20,958.30","20,997.20","20,724.60",284.13K,0.19%
2/13/2020,"20,919.30","20,724.60","20,997.20","20,724.60",395.74K,0.19%
2/12/2020,"20,880.40","20,296.00","21,114.10","20,257.10",1.50M,2.68%
2/11/2020,"20,335.00","20,335.00","20,412.90","20,257.10",170.45K,-0.38%
2/10/2020,"20,412.90","20,451.90","20,490.80","20,179.20",239.38K,-0.57%
2/7/2020,"20,529.80","20,412.90","20,529.80","20,257.10",332.22K,0.19%
2/6/2020,"20,490.80","20,101.30","20,490.80","19,945.40",490.55K,1.94%
2/5/2020,"20,101.30","20,140.20","20,335.00","19,945.40",170.44K,0.00%
2/4/2020,"20,101.30","19,828.60","20,412.90","19,828.60",242.60K,0.00%
2/3/2020,"20,101.30","20,412.90","20,412.90","19,478.00",423.31K,-2.64%
1/31/2020,"20,646.60","21,386.80","21,386.80","20,373.90",478.11K,-3.28%
1/30/2020,"21,347.80","21,581.60","21,737.40","21,153.10",367.58K,-2.49%
1/22/2020,"21,893.20","21,815.30","22,010.10","21,659.50",1.49M,0.36%
1/21/2020,"21,815.30","21,659.50","22,010.10","21,386.80",1.43M,1.45%
1/20/2020,"21,503.70","21,036.20","21,581.60","20,997.20",714.31K,2.22%
1/17/2020,"21,036.20","21,075.20","21,114.10","20,958.30",170.66K,-0.19%
1/16/2020,"21,075.20","21,036.20","21,114.10","20,841.40",231.18K,0.19%
1/15/2020,"21,036.20","21,036.20","21,114.10","20,958.30",145.66K,-0.55%
1/14/2020,"21,153.10","21,075.20","21,192.00","20,958.30",197.41K,0.37%
1/13/2020,"21,075.20","20,529.80","21,075.20","20,529.80",851.73K,2.85%
1/10/2020,"20,490.80","20,490.80","20,607.70","19,945.40",660.59K,0.00%
1/9/2020,"20,490.80","20,607.70","20,724.60","20,373.90",401.25K,-0.19%
1/8/2020,"20,529.80","20,646.60","20,724.60","20,490.80",235.98K,-0.57%
1/7/2020,"20,646.60","20,802.50","21,036.20","20,646.60",300.02K,-0.75%
1/6/2020,"20,802.50","21,269.90","21,269.90","20,724.60",222.09K,-1.11%
1/3/2020,"21,036.20","21,386.80","21,425.80","20,997.20",559.24K,-1.82%
1/2/2020,"21,425.80","21,425.80","21,503.70","21,036.20",568.87K,0.00%
12/31/2019,"21,425.80","21,425.80","21,659.50","21,347.80",688.22K,0.00%
12/30/2019,"21,425.80","21,347.80","21,581.60","21,231.00",660.54K,0.55%
12/27/2019,"21,308.90","21,231.00","21,308.90","21,036.20",279.91K,0.18%
12/26/2019,"21,269.90","21,269.90","21,308.90","21,153.10",295.38K,-0.18%
12/25/2019,"21,308.90","21,192.00","21,308.90","21,036.20",357.85K,0.55%
12/24/2019,"21,192.00","20,919.30","21,192.00","20,841.40",447.30K,1.30%
12/23/2019,"20,919.30","20,490.80","20,919.30","20,451.90",515.24K,2.09%
12/20/2019,"20,490.80","20,646.60","20,685.60","20,451.90",262.78K,-0.75%
12/19/2019,"20,646.60","20,841.40","21,192.00","20,451.90",515.51K,-1.67%
12/18/2019,"20,997.20","20,880.40","21,036.20","20,646.60",565.22K,0.75%
12/17/2019,"20,841.40","21,036.20","21,192.00","20,841.40",279.27K,-1.29%
12/16/2019,"21,114.10","21,308.90","21,347.80","20,958.30",308.02K,-0.91%
12/13/2019,"21,308.90","21,347.80","21,386.80","21,231.00",201.56K,-0.18%
12/12/2019,"21,347.80","21,425.80","21,464.70","21,231.00",271.84K,-0.54%
12/11/2019,"21,464.70","21,581.60","21,581.60","21,231.00",383.46K,0.47%
12/10/2019,"21,365.00","21,441.60","21,518.10","21,173.50",244.47K,-0.18%
12/9/2019,"21,403.30","21,211.80","21,556.40","21,135.20",966.47K,0.90%
12/6/2019,"21,211.80","21,135.20","21,211.80","21,020.40",328.98K,0.36%
12/5/2019,"21,135.20","21,097.00","21,173.50","20,982.10",352.24K,0.18%
12/4/2019,"21,097.00","21,058.70","21,135.20","20,943.80",281.48K,0.18%
12/3/2019,"21,058.70","21,173.50","21,173.50","20,905.50",258.22K,-0.54%
12/2/2019,"21,173.50","21,135.20","21,250.10","21,020.40",240.22K,0.18%
11/29/2019,"21,135.20","20,905.50","21,211.80","20,867.20",524.45K,0.73%
11/28/2019,"20,982.10","21,365.00","21,365.00","20,982.10",348.11K,-1.79%
11/27/2019,"21,365.00","21,441.60","21,518.10","21,211.80",317.83K,-0.36%
11/26/2019,"21,441.60","21,173.50","21,441.60","21,173.50",315.16K,1.27%
11/25/2019,"21,173.50","21,365.00","21,518.10","21,135.20",332.05K,-0.90%
11/22/2019,"21,365.00","21,633.00","21,747.90","21,211.80",578.61K,-1.24%
11/21/2019,"21,633.00","21,441.60","21,633.00","21,441.60",472.53K,0.36%
11/20/2019,"21,556.40","21,518.10","21,594.70","21,441.60",341.63K,-0.35%
11/19/2019,"21,633.00","21,594.70","21,671.30","21,403.30",422.40K,0.00%
11/18/2019,"21,633.00","21,594.70","21,633.00","21,556.40",202.17K,-0.18%
11/15/2019,"21,671.30","21,556.40","21,671.30","21,441.60",307.47K,0.53%
11/14/2019,"21,556.40","21,633.00","21,709.60","21,288.40",1.30M,-0.53%
11/13/2019,"21,671.30","21,671.30","21,709.60","21,594.70",134.80K,0.00%
11/12/2019,"21,671.30","21,479.80","21,747.90","21,441.60",534.69K,0.71%
11/11/2019,"21,518.10","21,747.90","21,786.20","21,479.80",851.67K,-1.23%
11/8/2019,"21,786.20","21,862.70","21,901.00","21,709.60",371.84K,-0.18%
11/7/2019,"21,824.40","21,901.00","21,977.60","21,747.90",648.37K,-0.18%
11/6/2019,"21,862.70","21,939.30","21,977.60","21,747.90",736.56K,-0.35%
11/5/2019,"21,939.30","21,824.40","22,015.90","21,709.60",854.94K,0.53%
11/4/2019,"21,824.40","22,054.20","22,092.50","21,824.40",536.81K,-0.87%
11/1/2019,"22,015.90","21,862.70","22,054.20","21,786.20",893.93K,0.70%
10/31/2019,"21,862.70","21,901.00","22,130.70","21,862.70",336.13K,-0.52%
10/30/2019,"21,977.60","21,862.70","22,130.70","21,747.90",457.19K,0.70%
10/29/2019,"21,824.40","21,901.00","22,245.60","21,786.20",821.45K,-0.87%
10/28/2019,"22,015.90","22,054.20","22,360.50","22,015.90",518.53K,0.52%
10/25/2019,"21,901.00","21,824.40","21,977.60","21,747.90",261.92K,0.35%
10/24/2019,"21,824.40","21,977.60","22,207.30","21,747.90",1.10M,-0.52%
10/23/2019,"21,939.30","21,556.40","22,015.90","21,479.80",888.43K,1.60%
10/22/2019,"21,594.70","21,441.60","21,633.00","21,441.60",252.34K,0.53%
10/21/2019,"21,479.80","21,671.30","21,939.30","21,403.30",1.14M,-2.27%
10/18/2019,"21,977.60","22,130.70","22,130.70","21,901.00",257.14K,0.00%
10/17/2019,"21,977.60","22,015.90","22,054.20","21,747.90",731.30K,-0.52%
10/16/2019,"22,092.50","22,130.70","22,322.20","22,015.90",695.95K,0.00%
10/15/2019,"22,092.50","21,977.60","22,130.70","21,824.40",686.05K,0.17%
10/14/2019,"22,054.20","22,207.30","22,245.60","21,901.00",400.50K,-0.52%
10/11/2019,"22,169.00","22,015.90","22,360.50","21,977.60",726.60K,0.87%
10/10/2019,"21,977.60","22,207.30","22,513.60","21,824.40",440.52K,-1.03%
10/9/2019,"22,207.30","22,398.80","22,398.80","22,130.70",460.25K,-1.19%
10/8/2019,"22,475.30","21,786.20","22,590.20","21,786.20",1.06M,2.62%
10/7/2019,"21,901.00","22,169.00","22,207.30","21,901.00",307.76K,-1.38%
10/4/2019,"22,207.30","22,130.70","22,398.80","21,824.40",1.19M,0.69%
10/3/2019,"22,054.20","21,824.40","22,130.70","21,671.30",508.37K,0.70%
10/2/2019,"21,901.00","21,747.90","22,054.20","21,594.70",941.53K,0.70%
10/1/2019,"21,747.90","21,211.80","21,824.40","21,135.20",1.31M,2.16%
9/30/2019,"21,288.40","21,288.40","21,479.80","21,211.80",341.88K,-0.54%
9/27/2019,"21,403.30","21,594.70","21,594.70","21,250.10",665.09K,-0.36%
9/26/2019,"21,479.80","21,326.70","21,786.20","21,288.40",718.59K,1.26%
9/25/2019,"21,211.80","21,135.20","21,365.00","21,058.70",350.98K,-0.36%
9/24/2019,"21,288.40","21,058.70","21,365.00","20,905.50",952.20K,1.09%
9/23/2019,"21,058.70","21,518.10","21,556.40","21,058.70",807.19K,-1.96%
9/20/2019,"21,479.80","21,747.90","21,824.40","21,479.80",687.31K,-1.23%
9/19/2019,"21,747.90","21,786.20","21,901.00","21,633.00",303.09K,0.00%
9/18/2019,"21,747.90","21,824.40","22,054.20","21,747.90",813.30K,-0.87%
9/17/2019,"21,939.30","22,054.20","22,130.70","21,824.40",625.06K,-0.52%
9/16/2019,"22,054.20","22,015.90","22,283.90","21,939.30",794.87K,0.17%
9/13/2019,"22,015.90","21,977.60","22,245.60","21,824.40",862.76K,0.17%
9/12/2019,"21,977.60","21,709.60","21,977.60","21,709.60",811.42K,1.23%
9/11/2019,"21,709.60","21,633.00","21,901.00","21,633.00",573.05K,0.35%
9/10/2019,"21,633.00","21,556.40","21,747.90","21,441.60",582.42K,0.89%
9/9/2019,"21,441.60","21,594.70","21,594.70","21,365.00",341.51K,-0.36%
9/6/2019,"21,518.10","21,403.30","21,633.00","21,403.30",243.02K,0.36%
9/5/2019,"21,441.60","21,709.60","21,901.00","21,441.60",459.42K,-1.06%
9/4/2019,"21,671.30","21,441.60","21,786.20","21,365.00",609.73K,2.10%
9/3/2019,"21,226.20","21,403.10","21,544.60","21,226.20",522.60K,-0.66%
8/30/2019,"21,367.70","21,509.20","21,509.20","21,296.90",584.45K,0.00%
8/29/2019,"21,367.70","21,473.80","21,509.20","21,261.60",742.78K,-0.49%
8/28/2019,"21,473.80","21,261.60","21,579.90","21,155.40",860.38K,1.17%
8/27/2019,"21,226.20","21,579.90","21,756.80","21,084.70",762.57K,-0.66%
8/26/2019,"21,367.70","21,579.90","21,969.10","21,261.60",1.07M,-2.11%
8/23/2019,"21,827.60","21,969.10","22,110.60","21,792.20",528.11K,-0.64%
8/22/2019,"21,969.10","22,358.20","22,358.20","21,933.70",672.91K,-1.58%
8/21/2019,"22,322.90","22,287.50","22,464.40","21,863.00",1.02M,0.16%
8/20/2019,"22,287.50","22,110.60","22,429.00","22,004.50",968.32K,0.80%
8/19/2019,"22,110.60","21,756.80","22,146.00","21,721.50",1.30M,1.46%
8/16/2019,"21,792.20","22,110.60","22,252.10","21,792.20",2.00M,-1.28%
8/15/2019,"22,075.20","22,146.00","22,287.50","21,933.70",1.33M,-1.27%
8/14/2019,"22,358.20","22,747.40","22,924.30","22,358.20",2.05M,-1.56%
8/13/2019,"22,712.00","22,287.50","22,888.90","22,146.00",1.72M,1.26%
8/12/2019,"22,429.00","22,393.60","22,464.40","22,252.10",738.53K,0.32%
8/9/2019,"22,358.20","21,650.70","22,782.80","21,615.30",3.36M,3.27%
8/8/2019,"21,650.70","21,579.90","21,686.10","21,473.80",861.88K,0.33%
8/7/2019,"21,579.90","21,544.60","21,615.30","21,296.90",1.20M,0.33%
8/6/2019,"21,509.20","21,226.20","21,615.30","21,226.20",2.10M,-0.98%
8/5/2019,"21,721.50","21,933.70","21,933.70","21,650.70",1.10M,-0.97%
8/2/2019,"21,933.70","21,721.50","22,075.20","21,650.70",1.28M,0.00%
8/1/2019,"21,933.70","21,473.80","21,969.10","21,403.10",2.71M,2.14%
7/31/2019,"21,473.80","21,509.20","21,544.60","21,226.20",890.57K,-0.16%
7/30/2019,"21,509.20","21,261.60","21,650.70","21,155.40",2.08M,1.16%
7/29/2019,"21,261.60","21,120.00","21,332.30","21,049.30",1.26M,0.67%
7/26/2019,"21,120.00","21,367.70","21,367.70","21,120.00",749.83K,-1.16%
7/25/2019,"21,367.70","21,155.40","21,509.20","20,978.50",2.36M,1.00%
7/24/2019,"21,155.40","20,837.00","21,296.90","20,837.00",2.12M,1.70%
7/23/2019,"20,801.70","20,766.30","20,872.40","20,695.50",352.93K,0.17%
7/22/2019,"20,766.30","20,801.70","20,943.20","20,730.90",734.95K,-0.17%
7/19/2019,"20,801.70","20,660.10","20,907.80","20,624.80",1.18M,1.38%
7/18/2019,"20,518.60","20,695.50","20,872.40","20,518.60",691.80K,-0.85%
7/17/2019,"20,695.50","20,554.00","20,872.40","20,483.30",746.78K,0.52%
7/16/2019,"20,589.40","20,801.70","20,943.20","20,589.40",671.29K,-0.85%
7/15/2019,"20,766.30","21,013.90","21,013.90","20,766.30",592.19K,-1.18%
7/12/2019,"21,013.90","20,943.20","21,084.70","20,801.70",653.03K,-0.34%
7/11/2019,"21,084.70","20,872.40","21,084.70","20,837.00",788.02K,1.36%
7/10/2019,"20,801.70","20,801.70","20,837.00","20,660.10",621.00K,0.17%
7/9/2019,"20,766.30","20,412.50","20,766.30","20,306.40",1.19M,1.73%
7/8/2019,"20,412.50","20,447.90","20,554.00","20,306.40",746.40K,-0.17%
7/5/2019,"20,447.90","20,447.90","20,518.60","20,306.40",495.49K,0.00%
7/4/2019,"20,447.90","20,518.60","20,554.00","20,377.10",1.00M,-0.34%
7/3/2019,"20,518.60","20,377.10","20,518.60","20,271.00",538.21K,0.17%
7/2/2019,"20,483.30","20,589.40","20,589.40","20,235.60",667.95K,-0.69%
7/1/2019,"20,624.80","20,589.40","20,695.50","20,447.90",652.55K,0.17%
6/28/2019,"20,589.40","20,235.60","20,589.40","20,200.20",855.82K,1.04%
6/27/2019,"20,377.10","20,695.50","20,801.70","20,129.50",853.67K,-1.54%
6/26/2019,"20,695.50","20,872.40","20,872.40","20,695.50",2.07M,-0.85%
6/25/2019,"20,872.40","20,872.40","21,049.30","20,730.90",1.78M,-0.34%
6/24/2019,"20,943.20","21,155.40","21,367.70","20,837.00",2.16M,-1.82%
6/21/2019,"21,332.30","21,084.70","21,509.20","21,013.90",2.40M,1.01%
6/20/2019,"21,120.00","20,978.50","21,155.40","20,837.00",2.12M,0.67%
6/19/2019,"20,978.50","20,943.20","21,084.70","20,872.40",1.12M,0.17%
6/18/2019,"20,943.20","21,013.90","21,049.30","20,872.40",1.07M,-0.34%
6/17/2019,"21,013.90","21,013.90","21,084.70","20,766.30",1.39M,0.34%
6/14/2019,"20,943.20","20,837.00","21,084.70","20,801.70",1.55M,0.51%
6/13/2019,"20,837.00","20,766.30","20,978.50","20,624.80",1.52M,0.34%
6/12/2019,"20,766.30","20,695.50","20,872.40","20,589.40",2.10M,0.34%
6/11/2019,"20,695.50","21,013.90","21,155.40","20,695.50",1.20M,-1.52%
6/10/2019,"21,013.90","21,084.70","21,226.20","20,943.20",1.49M,0.31%
6/7/2019,"20,948.80","19,967.90","20,948.80","19,967.90",1.53M,4.36%
6/6/2019,"20,073.00","20,178.10","20,213.20","19,757.70",603.67K,0.00%
6/5/2019,"20,073.00","20,318.30","20,633.50","19,757.70",1.64M,-0.69%
6/4/2019,"20,213.20","20,248.20","20,598.50","20,178.10",1.19M,-0.52%
6/3/2019,"20,318.30","20,563.50","20,773.70","20,248.20",1.43M,-1.86%
5/31/2019,"20,703.60","21,334.20","21,369.20","20,703.60",673.99K,-2.96%
5/30/2019,"21,334.20","21,053.90","21,334.20","20,528.40",1.69M,1.33%
5/29/2019,"21,053.90","21,544.40","21,684.50","21,053.90",1.64M,-2.28%
5/28/2019,"21,544.40","21,614.40","21,649.40","21,439.30",985.42K,-0.32%
5/27/2019,"21,614.40","21,614.40","21,789.60","21,579.40",788.51K,0.00%
5/24/2019,"21,614.40","21,859.60","21,894.70","21,614.40",1.03M,-1.12%
5/23/2019,"21,859.60","21,544.40","21,859.60","21,369.20",1.75M,1.63%
5/22/2019,"21,509.30","21,579.40","21,649.40","21,264.10",980.43K,-0.32%
5/21/2019,"21,579.40","21,719.50","21,859.60","21,439.30",873.33K,-0.32%
5/20/2019,"21,649.40","21,299.10","21,649.40","21,229.10",1.04M,1.48%
5/17/2019,"21,334.20","21,614.40","21,929.70","21,264.10",1.03M,-1.30%
5/16/2019,"21,614.40","21,789.60","21,894.70","21,509.30",1.59M,-0.16%
5/15/2019,"21,649.40","21,229.10","21,719.50","21,088.90",2.23M,1.98%
5/14/2019,"21,229.10","21,018.90","21,299.10","20,878.80",895.55K,0.33%
5/13/2019,"21,159.00","20,668.60","21,159.00","20,668.60",1.88M,2.37%
5/10/2019,"20,668.60","20,388.30","20,808.70","20,318.30",908.62K,1.72%
5/9/2019,"20,318.30","20,458.40","20,598.50","20,178.10",547.86K,0.00%
5/8/2019,"20,318.30","20,318.30","20,528.40","20,178.10",564.65K,-1.02%
5/7/2019,"20,528.40","20,668.60","20,738.60","20,318.30",756.72K,-0.34%
5/6/2019,"20,598.50","20,458.40","20,808.70","20,178.10",1.21M,-1.01%
5/3/2019,"20,808.70","20,878.80","21,018.90","20,703.60",720.56K,-0.34%
5/2/2019,"20,878.80","20,703.60","20,878.80","20,633.50",1.04M,0.85%
4/26/2019,"20,703.60","20,808.70","20,808.70","20,528.40",399.38K,0.17%
4/25/2019,"20,668.60","20,808.70","20,948.80","20,598.50",768.00K,-0.84%
4/24/2019,"20,843.70","19,932.90","20,843.70","19,862.80",2.70M,4.57%
4/23/2019,"19,932.90","19,827.80","20,038.00","19,827.80",441.95K,0.53%
4/22/2019,"19,827.80","20,038.00","20,073.00","19,827.80",900.02K,-0.35%
4/19/2019,"19,897.90","19,932.90","20,178.10","19,862.80",412.43K,0.00%
4/18/2019,"19,897.90","20,108.10","20,283.20","19,862.80",899.91K,-1.05%
4/17/2019,"20,108.10","20,038.00","20,458.40","19,967.90",2.39M,0.35%
4/16/2019,"20,038.00","20,108.10","20,108.10","19,827.80",555.56K,-0.69%
4/12/2019,"20,178.10","20,108.10","20,248.20","19,897.90",773.20K,0.35%
4/11/2019,"20,108.10","19,792.80","20,178.10","19,617.60",1.17M,1.41%
4/10/2019,"19,827.80","19,897.90","19,932.90","19,687.70",759.70K,-0.70%
4/9/2019,"19,967.90","20,248.20","20,353.30","19,827.80",1.14M,-1.38%
4/8/2019,"20,248.20","20,178.10","20,528.40","20,108.10",2.22M,0.70%
4/5/2019,"20,108.10","19,372.40","20,108.10","19,197.20",2.05M,3.80%
4/4/2019,"19,372.40","19,127.20","19,407.40","19,057.10",889.10K,1.28%
4/3/2019,"19,127.20","19,057.10","19,267.30","18,882.00",607.32K,0.00%
4/2/2019,"19,127.20","19,197.20","19,477.50","19,092.10",589.84K,-0.36%
4/1/2019,"19,197.20","19,197.20","19,407.40","19,127.20",580.06K,-0.36%
3/29/2019,"19,267.30","19,057.10","19,407.40","18,917.00",634.34K,1.10%
3/28/2019,"19,057.10","18,496.60","19,197.20","18,496.60",948.51K,2.64%
3/27/2019,"18,566.70","18,566.70","18,846.90","18,531.60",488.49K,-0.38%
3/26/2019,"18,636.70","18,286.40","18,636.70","18,286.40",444.30K,1.92%
3/25/2019,"18,286.40","18,636.70","18,846.90","18,216.40",553.63K,-3.69%
3/22/2019,"18,987.10","18,776.90","19,267.30","18,741.80",466.45K,1.12%
3/21/2019,"18,776.90","19,337.40","19,407.40","18,776.90",800.27K,-3.07%
3/20/2019,"19,372.40","19,407.40","19,407.40","19,057.10",864.32K,-0.18%
3/19/2019,"19,407.40","19,617.60","19,687.70","19,197.20",687.27K,-1.07%
3/18/2019,"19,617.60","19,617.60","19,827.80","19,547.60",869.06K,0.00%
3/15/2019,"19,617.60","19,442.50","19,792.80","19,302.30",1.15M,0.90%
3/14/2019,"19,442.50","18,846.90","19,512.50","18,776.90",1.76M,3.16%
3/13/2019,"18,846.90","19,057.10","19,162.20","18,846.90",470.89K,-1.10%
3/12/2019,"19,057.10","18,706.80","19,057.10","18,706.80",606.39K,1.49%
3/11/2019,"18,776.90","18,566.70","18,846.90","18,426.60",453.49K,1.13%
3/8/2019,"18,566.70","18,636.70","18,776.90","18,496.60",591.55K,-0.75%
3/7/2019,"18,706.80","18,846.90","18,987.10","18,671.80",453.92K,-0.74%
3/6/2019,"18,846.90","18,987.10","19,057.10","18,811.90",225.18K,-0.37%
3/5/2019,"18,917.00","19,127.20","19,127.20","18,846.90",468.76K,-1.10%
3/4/2019,"19,127.20","18,706.80","19,127.20","18,636.70",1.08M,2.25%
3/1/2019,"18,706.80","18,496.60","18,776.90","18,496.60",365.80K,1.14%
